userID,itemID,rating,time,daytype,season,location,weather,social,endEmo,dominantEmo,mood,physical,decision,interaction
23,14,5.0,3,2,2,1,1,1,2,2,2,1,1,1
21,5,3.0,2,2,2,1,1,2,2,2,2,2,2,2
21,6,4.0,4,2,2,1,1,2,2,2,1,1,2,1
22,13,4.0,3,2,3,2,2,3,2,3,1,1,1,1
21,7,3.0,4,2,2,1,1,2,1,7,1,1,2,1
20,12,5.0,3,1,3,1,1,7,1,1,3,1,1,1
21,15,3.0,3,1,2,1,5,1,7,5,1,1,2,2
15,11,4.0,3,1,3,1,1,2,2,2,1,1,2,1
23,18,4.0,2,2,2,1,2,1,2,7,2,1,1,1
26,17,5.0,4,1,3,1,1,2,2,2,2,1,1,1
26,18,4.0,4,1,3,1,2,2,2,2,2,1,1,1
26,16,1.0,3,1,3,1,1,2,7,7,2,1,1,1
27,19,2.0,2,1,2,1,1,2,7,7,2,1,2,1
28,19,2.0,2,1,2,3,1,2,7,7,2,1,2,1
29,20,3.0,4,1,3,1,5,1,7,7,1,1,1,1
30,21,4.0,4,1,3,3,1,3,4,1,3,1,1,1
30,22,1.0,4,1,2,2,2,3,7,7,1,1,1,1
31,3,3.0,2,1,2,1,2,1,7,7,3,2,1,1
31,9,4.0,4,2,2,1,2,1,1,2,1,1,2,1
33,5,3.0,2,2,2,1,1,2,7,7,1,1,2,2
33,6,4.0,3,2,2,1,1,2,2,2,1,1,2,1
34,4,4.0,3,1,2,1,3,5,4,7,1,2,2,1
35,23,1.0,3,1,3,1,1,1,6,6,2,2,1,1
35,24,3.0,4,1,3,1,1,1,2,4,1,2,1,1
35,25,4.0,3,2,2,1,1,5,2,2,1,1,2,2
27,18,4.0,3,3,2,1,2,7,7,2,1,2,1,1
27,26,5.0,4,3,2,1,2,7,2,4,1,2,1,1
31,27,4.0,2,2,2,1,1,1,2,2,1,1,2,2
31,28,3.0,2,2,2,1,2,1,2,2,1,1,2,2
23,31,4.0,2,2,2,1,2,1,4,2,2,1,1,1
21,29,4.0,2,2,2,1,2,1,2,4,2,1,2,2
23,32,3.0,3,2,2,1,1,1,5,7,2,1,1,1
21,30,4.0,3,2,2,1,5,1,1,6,1,1,2,2
28,33,2.0,2,2,2,3,2,2,7,7,2,1,1,1
26,34,3.0,4,2,3,1,2,2,7,7,2,1,1,2
28,35,4.0,3,2,2,1,1,2,7,2,2,1,2,1
35,30,4.0,3,2,3,1,2,1,1,3,2,1,2,2
35,36,3.0,4,2,3,1,2,1,4,3,2,1,2,2
33,37,5.0,3,1,2,2,2,6,2,2,2,1,2,1
21,38,5.0,2,2,2,1,2,3,2,2,2,1,2,1
37,39,4.0,4,2,3,1,2,1,4,2,3,1,1,1
38,30,3.0,3,2,2,1,3,1,7,6,2,1,1,2
27,40,4.0,3,2,2,1,2,2,2,2,1,1,1,1
27,41,4.0,1,3,2,3,1,1,2,4,1,1,1,1
39,1,3.0,3,1,3,1,5,1,2,7,1,1,1,1
39,2,3.0,4,1,3,1,5,1,2,2,1,1,1,1
39,16,4.0,2,1,3,1,2,1,2,4,1,1,1,1
39,42,4.0,3,1,3,1,2,1,7,4,1,1,1,1
40,16,1.0,3,1,3,2,5,6,7,7,1,1,2,1
21,43,3.0,3,1,2,1,1,1,2,2,2,1,2,2
21,45,5.0,4,1,2,1,1,1,1,2,2,1,2,2
31,44,5.0,3,2,2,1,1,1,2,2,1,1,2,1
31,46,3.0,2,2,2,1,1,1,2,2,1,1,2,2
25,47,5.0,2,2,2,1,1,2,4,3,3,1,1,1
25,48,2.0,2,2,2,1,5,2,7,5,2,1,1,1
41,49,4.0,3,1,2,2,1,2,7,7,1,1,1,1
42,17,4.0,3,1,3,3,5,2,2,2,3,1,2,1
42,50,3.0,4,2,3,1,5,2,7,2,2,1,1,1
42,52,1.0,3,2,2,1,1,2,7,7,1,1,1,1
42,54,5.0,3,2,2,3,1,2,1,4,2,1,1,1
42,55,3.0,2,1,2,3,1,2,2,2,1,1,1,1
42,39,4.0,4,2,2,3,1,2,7,4,2,1,1,1
42,58,3.0,3,3,2,3,1,2,2,7,1,1,2,1
42,57,5.0,3,3,2,3,1,2,2,2,1,1,1,2
42,56,1.0,4,1,2,3,1,2,7,6,1,1,1,1
42,63,4.0,3,3,2,3,1,2,1,2,2,1,1,1
42,18,4.0,3,2,2,3,1,2,2,2,1,1,2,1
42,62,3.0,3,3,2,3,1,2,7,7,1,1,1,1
42,61,1.0,4,1,2,3,2,2,5,6,2,1,2,1
25,59,2.0,4,1,2,1,1,1,2,2,3,1,1,1
25,60,3.0,4,1,2,1,1,2,1,4,3,1,1,1
21,64,3.0,3,1,3,1,1,2,2,7,1,2,2,1
33,64,3.0,3,1,3,1,1,2,7,2,2,2,2,1
41,66,2.0,2,1,3,1,1,2,4,4,1,1,1,1
43,67,4.0,4,1,3,1,5,3,7,2,1,1,2,1
45,68,4.0,4,2,3,1,2,1,2,2,1,1,1,1
33,70,4.0,3,2,3,1,2,1,1,1,2,2,2,1
33,72,4.0,1,2,3,1,2,1,7,7,2,2,2,2
33,73,3.0,3,2,3,1,2,1,7,7,2,2,2,1
21,54,4.0,2,2,3,1,2,1,1,7,3,1,1,1
47,75,3.0,3,2,3,1,2,2,6,6,2,1,1,2
35,80,3.0,3,2,3,1,5,1,2,4,3,1,2,1
31,77,4.0,2,2,3,1,2,1,2,2,1,1,1,1
41,78,5.0,1,2,3,1,2,1,2,2,1,1,1,1
41,79,3.0,3,2,3,3,2,2,7,7,1,1,2,1
37,47,4.0,4,1,3,2,2,2,2,4,2,1,1,1
48,92,3.0,2,2,3,3,2,3,7,7,3,1,2,1
25,66,4.0,2,2,3,1,2,2,2,4,3,2,1,1
49,47,5.0,3,2,2,2,2,3,2,4,1,1,1,1
49,93,3.0,4,2,3,1,5,2,6,5,3,2,2,1
49,51,4.0,4,2,3,1,5,7,7,7,2,1,1,2
49,81,5.0,2,2,3,1,2,1,4,4,1,1,1,2
49,82,5.0,2,2,3,1,2,7,7,2,2,1,1,2
49,83,3.0,3,1,2,2,1,3,4,4,2,1,1,1
49,84,5.0,3,2,3,1,2,1,1,1,1,1,1,2
49,85,4.0,3,2,3,1,2,2,2,2,1,1,2,2
50,86,2.0,3,1,3,2,5,6,7,7,3,2,2,1
50,85,3.0,4,2,3,1,5,1,7,3,3,2,2,2
157,89,4.0,3,2,3,1,2,2,7,7,2,1,2,2
157,90,3.0,3,1,3,1,2,1,7,7,1,1,2,1
157,91,4.0,3,1,3,1,2,1,1,7,1,1,2,2
48,94,4.0,4,1,3,3,5,3,2,1,2,1,1,1
35,66,5.0,4,2,3,1,2,1,4,4,1,1,1,1
21,58,3.0,3,1,3,1,5,1,1,3,2,1,1,1
42,95,4.0,3,1,3,3,2,2,1,4,1,1,2,1
42,96,3.0,3,1,3,3,2,2,2,2,2,1,1,1
50,97,4.0,4,1,3,1,5,1,1,1,1,2,2,2
26,95,4.0,4,1,3,1,2,2,1,7,2,1,1,1
41,98,3.0,3,1,3,3,2,2,4,4,1,1,1,1
53,100,5.0,4,1,3,1,5,2,1,1,2,1,1,1
53,102,4.0,2,1,3,1,5,1,2,2,2,1,1,1
37,103,3.0,3,2,3,1,5,2,7,7,3,1,1,1
49,104,3.0,3,1,3,1,5,7,7,7,2,1,1,1
53,105,3.0,4,1,3,1,5,1,7,1,2,1,1,1
42,65,5.0,3,1,3,3,2,2,2,2,1,1,2,1
33,106,5.0,3,1,3,1,1,2,4,4,3,1,2,1
50,107,1.0,4,2,3,1,5,5,7,2,2,1,2,1
54,109,4.0,3,1,3,1,2,1,2,7,1,2,1,1
21,110,4.0,2,2,3,1,1,7,2,2,1,2,2,2
31,110,4.0,2,2,3,3,1,7,2,2,1,1,2,2
27,111,4.0,4,2,3,2,5,6,2,2,1,1,1,1
54,112,3.0,3,2,3,1,1,1,2,2,1,1,1,1
21,113,4.0,3,2,3,1,1,7,4,7,1,1,2,1
31,113,3.0,3,2,3,3,1,7,6,3,1,1,2,1
24,114,3.0,3,2,3,1,1,1,7,7,2,1,1,2
35,116,3.0,4,2,3,1,1,1,2,7,3,1,2,2
50,117,5.0,4,2,3,1,5,7,1,1,3,1,1,1
50,118,5.0,4,2,3,1,1,1,2,2,2,1,1,2
50,119,2.0,4,3,3,1,1,7,5,5,1,2,1,1
35,120,5.0,3,2,3,1,1,1,2,2,2,1,1,2
25,121,2.0,2,2,3,1,1,1,6,3,2,1,1,1
55,124,3.0,1,2,4,1,5,2,7,4,2,1,2,1
48,109,4.0,4,2,3,3,5,3,4,4,1,2,1,1
25,126,4.0,3,1,3,1,5,1,1,1,1,1,2,1
25,99,1.0,3,2,3,1,5,2,6,6,3,1,1,1
57,127,2.0,4,2,3,3,5,3,7,7,2,1,1,1
57,38,5.0,4,2,3,1,5,2,2,2,1,1,1,1
57,109,4.0,4,2,3,1,5,3,7,2,1,1,1,1
33,113,3.0,3,2,3,1,1,3,4,4,2,1,2,1
33,122,4.0,2,2,3,1,1,2,2,2,2,1,1,1
33,125,2.0,2,2,3,1,1,2,7,7,1,1,2,1
26,128,5.0,4,2,3,1,5,2,1,7,2,1,1,1
42,128,5.0,3,2,3,3,5,2,2,2,3,1,1,1
42,99,2.0,3,1,3,3,5,1,7,7,1,1,1,1
48,127,3.0,3,1,3,3,5,3,7,4,1,1,1,1
25,102,3.0,3,1,3,1,1,2,1,1,1,1,1,1
24,129,4.0,3,1,3,1,2,1,7,7,2,1,1,2
55,130,4.0,4,2,3,1,5,1,4,4,2,1,1,2
28,111,3.0,3,1,3,2,5,2,7,2,2,1,1,1
50,131,5.0,3,1,3,1,5,7,1,2,1,1,2,1
48,104,4.0,3,1,3,3,5,3,7,2,1,1,2,1
50,132,4.0,3,1,3,1,2,1,2,3,2,1,1,1
42,133,3.0,4,1,3,3,2,2,7,4,2,1,1,1
56,134,2.0,3,1,3,1,2,2,5,5,2,1,2,1
55,135,4.0,1,1,3,1,5,1,6,6,2,1,1,1
59,136,1.0,3,1,1,1,5,1,7,7,2,1,1,1
41,137,3.0,3,1,3,3,5,2,7,7,1,1,1,1
21,104,3.0,2,1,3,1,5,1,7,7,1,1,1,1
59,138,3.0,3,1,3,1,5,1,1,3,3,1,1,1
21,139,4.0,3,1,3,1,5,1,2,5,2,1,2,2
21,99,5.0,3,2,3,1,5,1,2,2,1,1,1,1
59,179,2.0,4,1,3,1,1,1,7,7,2,1,1,2
25,140,3.0,1,2,3,1,1,1,2,2,1,2,2,1
42,141,5.0,4,2,3,3,5,2,2,4,2,1,1,1
42,38,5.0,3,2,3,3,5,2,4,4,2,1,1,1
21,66,3.0,2,2,3,1,5,1,7,2,2,2,1,1
50,39,3.0,4,2,3,1,5,2,7,7,1,1,1,1
27,143,4.0,4,2,3,1,1,2,7,2,2,1,1,1
48,144,4.0,4,3,3,3,5,3,7,4,1,1,2,1
25,83,3.0,1,2,3,1,1,1,7,7,1,2,1,1
42,146,4.0,3,2,3,3,5,2,2,2,1,1,1,1
25,155,3.0,2,2,3,1,1,2,2,4,1,2,1,1
25,148,4.0,3,2,3,1,1,2,4,4,1,2,1,1
35,149,5.0,3,2,3,1,1,1,2,2,1,1,1,2
55,150,5.0,2,2,3,1,1,2,2,4,2,1,2,2
55,152,5.0,1,2,3,1,5,2,2,4,2,1,1,2
55,156,4.0,4,2,3,1,1,1,2,1,2,1,1,1
55,157,3.0,4,2,3,1,1,1,2,4,2,1,1,1
59,153,3.0,4,2,1,1,1,1,7,7,1,1,1,2
21,154,2.0,2,2,3,1,5,1,7,7,2,2,2,1
57,67,3.0,4,2,3,1,5,3,7,2,1,1,2,1
57,54,2.0,4,2,3,1,5,3,4,4,3,1,1,1
61,47,5.0,3,1,3,2,2,2,2,7,1,1,1,1
26,146,3.0,3,2,3,1,5,2,2,7,2,1,1,1
35,13,3.0,2,1,3,1,1,1,5,7,1,1,1,1
54,159,4.0,3,1,3,1,1,2,7,4,1,1,1,1
50,159,3.0,3,1,3,3,1,2,4,2,1,1,1,1
61,161,5.0,2,1,3,2,1,1,2,2,1,1,1,2
61,163,2.0,3,1,2,1,1,1,7,2,1,1,1,1
26,141,5.0,3,1,3,1,5,2,2,7,1,1,1,1
26,47,3.0,2,2,3,1,2,1,7,7,2,1,1,1
26,63,5.0,3,1,3,1,2,2,7,2,2,1,1,1
26,53,4.0,3,2,2,1,1,2,2,2,2,1,2,1
26,77,4.0,4,1,2,1,2,2,2,2,2,1,1,1
26,165,5.0,4,2,3,1,5,1,7,4,1,1,1,1
26,26,4.0,3,2,3,1,5,2,7,7,2,1,1,1
26,38,3.0,3,1,3,1,5,2,6,7,2,1,1,1
27,166,3.0,2,1,3,1,5,2,7,7,1,1,1,1
28,166,3.0,2,1,3,3,5,2,2,3,1,1,1,1
28,143,3.0,3,2,3,3,5,2,2,2,1,1,1,1
35,101,2.0,2,1,3,1,5,1,5,6,1,1,1,1
56,167,4.0,4,1,3,1,5,1,7,7,2,1,1,1
63,169,3.0,4,1,3,1,5,2,6,7,2,1,1,1
27,170,2.0,4,1,3,1,5,2,7,7,2,1,1,1
28,170,2.0,3,1,3,3,5,2,2,2,1,1,1,1
43,171,5.0,4,1,3,1,5,1,7,2,1,1,1,1
64,172,5.0,3,3,3,1,5,1,2,2,1,1,1,1
33,173,4.0,2,2,3,1,2,2,2,2,2,1,1,1
31,138,4.0,2,2,3,1,2,1,3,3,1,1,1,1
61,65,4.0,4,2,3,1,1,2,2,2,1,1,2,1
31,174,4.0,2,2,3,1,2,1,2,2,1,1,1,1
31,175,5.0,2,2,3,1,2,1,2,2,1,1,1,1
21,83,5.0,3,2,3,1,5,1,7,5,1,1,1,1
21,176,3.0,2,2,3,1,2,2,7,2,2,1,2,1
21,177,4.0,4,2,3,1,2,1,2,7,3,1,2,1
21,173,3.0,2,2,3,1,2,2,7,7,2,1,2,1
27,178,3.0,2,2,3,1,5,1,1,2,2,1,1,1
31,183,3.0,1,2,3,1,5,1,4,7,2,1,2,2
42,180,5.0,3,2,3,3,2,2,1,2,1,1,1,1
42,181,5.0,3,1,3,3,5,2,2,2,1,1,1,2
42,182,4.0,3,1,3,3,5,2,2,2,2,1,2,2
42,165,5.0,3,1,3,3,5,2,2,2,2,1,2,1
42,78,5.0,3,1,3,3,5,2,1,2,2,1,1,2
33,184,1.0,3,1,3,1,5,2,7,7,1,1,1,1
31,185,4.0,2,1,3,2,5,4,2,1,1,1,2,1
21,184,2.0,3,1,3,1,5,2,7,7,1,1,1,1
91,187,2.0,3,1,3,1,2,1,7,1,2,2,1,1
43,188,3.0,3,1,3,1,1,1,7,7,1,1,1,1
56,189,4.0,3,1,3,1,2,2,2,2,1,1,1,2
55,190,4.0,4,1,3,1,2,1,4,4,2,1,1,2
55,191,5.0,4,1,3,1,2,1,7,6,2,1,1,2
55,192,4.0,4,1,3,1,2,1,7,7,2,1,1,1
55,194,4.0,1,1,3,1,5,1,4,2,2,1,1,1
55,195,5.0,4,1,3,1,5,2,1,4,2,1,1,2
60,86,4.0,2,1,3,2,2,3,2,2,2,1,1,1
48,197,5.0,4,1,3,3,5,3,2,2,1,1,1,1
71,198,3.0,4,1,3,1,2,1,7,4,1,1,1,1
71,199,1.0,3,2,3,2,2,3,1,5,2,1,2,1
72,200,5.0,2,1,3,2,5,4,1,1,2,2,1,1
63,202,2.0,4,2,3,1,5,2,6,6,3,1,2,1
75,205,3.0,3,2,3,1,5,1,7,7,2,1,1,1
75,206,5.0,1,2,3,1,1,1,2,4,1,1,1,1
75,207,5.0,3,2,3,1,1,1,2,3,1,1,1,2
75,208,3.0,3,2,3,1,5,1,2,5,1,1,1,1
75,209,4.0,4,2,3,1,5,1,2,2,1,1,1,2
75,183,5.0,1,2,3,1,5,1,1,4,1,1,1,1
48,68,4.0,4,2,3,3,1,3,7,2,1,1,2,1
27,210,3.0,-1,2,3,3,5,2,7,4,2,2,1,1
35,61,2.0,2,2,3,1,1,1,7,6,1,1,1,1
54,38,5.0,2,2,3,2,1,6,2,2,1,1,1,1
31,211,4.0,4,2,3,1,5,1,2,2,1,1,1,1
31,212,4.0,2,2,3,1,5,1,2,6,1,1,1,1
15,214,3.0,3,2,3,1,5,2,3,3,2,1,2,1
15,215,2.0,2,2,3,1,2,2,3,3,2,1,2,1
15,99,5.0,3,1,3,1,5,2,2,2,2,1,1,1
55,217,5.0,3,2,3,1,1,2,6,6,2,1,1,1
55,218,4.0,1,1,3,1,5,1,7,4,2,1,1,2
35,220,5.0,3,1,3,1,2,1,2,2,2,1,2,2
21,220,4.0,4,1,3,1,2,1,2,2,1,1,2,2
35,221,3.0,4,1,3,1,2,1,4,3,1,1,2,2
73,222,2.0,3,2,3,1,2,3,3,6,2,1,1,2
27,224,3.0,3,1,3,3,5,2,1,7,2,1,1,1
28,224,3.0,3,1,3,1,1,2,7,7,1,1,1,1
35,225,4.0,3,1,3,1,5,1,2,2,1,1,2,2
21,226,5.0,4,1,3,1,5,1,2,5,1,1,1,2
20,226,4.0,3,1,3,1,5,7,7,7,1,1,1,2
35,227,2.0,4,1,3,1,5,1,7,6,2,1,2,2
15,228,4.0,3,1,3,1,5,2,7,4,2,1,2,1
15,229,2.0,3,1,3,1,1,2,6,6,2,1,1,1
21,230,5.0,4,1,3,1,1,1,2,5,1,1,1,2
43,231,5.0,3,1,3,1,5,1,4,7,1,1,1,2
35,232,2.0,4,1,3,1,1,1,5,6,2,1,2,2
79,99,4.0,3,1,3,1,1,2,7,3,2,1,2,1
79,233,4.0,3,1,3,1,5,2,4,3,2,1,2,1
79,234,5.0,3,1,3,1,5,2,1,2,2,1,2,1
15,235,3.0,3,1,3,1,1,2,7,7,2,1,2,1
82,199,5.0,3,2,3,2,5,3,2,2,1,1,2,1
83,236,5.0,3,2,4,1,5,1,2,6,1,1,1,1
15,237,5.0,2,1,3,1,1,2,2,2,1,1,2,1
15,166,4.0,3,1,3,1,1,2,2,2,1,1,1,1
39,66,4.0,3,2,3,2,1,6,2,2,1,1,1,1
85,166,4.0,2,2,3,1,1,7,2,2,1,1,1,1
27,238,2.0,4,2,3,1,2,2,7,7,2,1,1,1
28,238,1.0,3,2,3,3,5,2,7,7,2,1,1,1
35,240,4.0,4,3,3,2,2,6,4,7,1,1,2,1
43,241,5.0,3,3,3,1,5,1,4,7,1,1,1,1
35,242,4.0,3,3,3,1,5,1,7,7,2,1,2,2
59,47,4.0,4,3,3,1,1,1,7,7,3,1,1,1
35,243,2.0,4,3,3,1,5,1,6,5,2,1,1,1
86,220,5.0,3,1,3,1,5,1,7,7,2,1,1,2
86,244,5.0,4,2,4,1,5,1,7,7,2,1,1,1
86,245,5.0,3,3,3,1,1,1,7,7,2,1,1,1
86,246,5.0,3,2,3,1,1,1,7,7,2,1,1,1
86,247,2.0,4,1,3,1,5,1,7,7,2,1,1,1
86,248,5.0,3,2,3,1,1,5,4,4,2,1,1,1
86,249,5.0,3,2,1,1,1,1,4,7,2,1,1,1
21,251,2.0,4,2,3,1,5,1,7,7,1,1,2,1
15,107,5.0,3,2,3,1,1,2,2,2,2,1,2,1
31,109,4.0,2,3,3,1,1,1,2,2,1,1,1,1
31,252,3.0,2,2,3,1,1,1,2,2,1,1,1,1
25,254,1.0,3,3,3,1,1,1,7,7,1,1,1,1
25,255,4.0,3,3,3,1,1,2,2,2,1,1,1,1
45,114,4.0,2,1,3,1,2,1,2,2,2,2,1,1
87,3505,5.0,3,1,3,1,1,2,4,4,1,1,1,1
55,172,5.0,2,1,3,1,1,2,2,4,2,1,1,2
55,3507,5.0,2,1,3,1,1,1,4,7,2,1,2,2
21,3509,2.0,4,2,3,1,5,1,7,7,2,1,2,1
25,3510,4.0,4,1,3,1,1,1,2,2,1,1,1,1
88,3511,5.0,3,2,3,1,2,2,1,1,2,-1,1,2
88,3512,5.0,3,2,3,1,2,2,1,1,2,-1,1,1
88,3191,5.0,3,2,3,1,2,3,4,3,1,-1,2,2
15,74,4.0,3,2,3,1,2,2,1,6,2,2,2,1
31,3513,2.0,2,2,3,1,1,1,2,2,1,1,2,1
31,2465,3.0,2,2,3,1,1,1,2,2,1,1,2,1
15,3514,3.0,3,2,3,1,2,2,7,7,2,2,2,1
15,3515,4.0,2,2,3,1,5,2,2,2,2,1,1,1
15,3516,5.0,3,2,3,1,2,2,2,2,2,1,1,1
35,3517,2.0,3,2,3,1,5,1,7,6,2,1,1,1
33,3646,5.0,3,2,4,1,1,2,4,4,2,2,2,1
31,3518,4.0,3,2,3,1,5,1,2,2,1,1,1,1
21,3646,5.0,4,2,4,1,5,2,2,4,1,1,2,2
35,47,5.0,4,2,3,1,2,1,2,2,2,1,1,1
89,65,2.0,4,2,3,1,1,3,2,2,1,1,1,1
89,180,4.0,4,2,3,1,2,3,2,2,1,2,1,1
89,212,2.0,3,1,4,2,4,3,5,6,1,1,1,1
20,230,4.0,3,1,3,1,1,7,2,2,1,1,1,2
25,3521,2.0,1,2,3,1,1,1,3,3,1,1,1,1
33,3508,4.0,3,2,3,1,5,2,7,2,1,1,1,1
91,38,4.0,3,2,3,1,5,3,2,2,1,1,1,1
35,3522,4.0,3,1,3,1,2,1,2,2,2,1,2,2
93,3526,5.0,2,3,2,1,1,3,2,2,1,1,2,1
55,2021,4.0,2,1,3,1,4,1,2,7,2,1,1,2
96,3523,3.0,3,2,3,2,2,3,7,7,1,1,1,1
96,2628,5.0,3,1,3,1,2,7,2,2,1,1,1,2
27,3524,3.0,2,1,3,2,5,6,7,1,2,1,1,1
96,3510,5.0,4,2,3,2,1,3,4,7,1,2,1,1
96,243,2.0,3,3,2,2,5,3,7,6,1,1,1,1
96,3525,5.0,3,1,1,1,3,1,2,2,1,2,1,2
96,3526,5.0,2,3,1,3,1,3,2,2,1,1,1,2
96,61,3.0,4,2,2,2,2,3,7,4,2,1,1,1
96,191,5.0,3,2,4,1,4,1,2,7,1,1,2,1
96,3527,4.0,4,1,3,1,5,1,7,1,2,1,1,2
96,138,5.0,3,2,3,3,2,3,4,7,1,1,1,2
96,3528,3.0,3,3,2,1,1,1,1,6,3,2,2,1
96,2592,5.0,2,3,1,1,1,1,2,2,1,1,1,2
96,3529,5.0,3,3,3,1,3,7,2,4,1,1,1,2
96,3530,5.0,2,1,4,1,5,1,2,2,3,2,1,2
96,3531,5.0,3,1,4,3,1,3,7,7,1,1,1,1
96,3532,1.0,3,1,3,1,2,1,5,7,2,1,2,1
96,13,5.0,3,2,3,2,3,3,2,7,1,1,1,1
96,3533,5.0,2,3,2,3,1,3,2,2,1,1,1,-1
96,3534,3.0,3,2,1,1,5,1,7,2,1,1,1,1
99,3528,3.0,4,2,3,1,2,1,3,3,1,1,-1,-1
43,3535,4.0,2,1,3,1,5,1,4,7,1,1,1,1
96,3536,4.0,3,1,3,3,1,3,2,2,1,1,1,2
96,3537,4.0,2,2,2,1,3,1,2,2,2,1,1,2
96,3538,3.0,2,2,2,1,3,1,2,2,2,1,1,1
96,3539,5.0,3,2,2,1,2,1,2,2,3,1,1,1
96,3507,4.0,-1,1,4,1,1,7,7,7,1,1,1,1
96,3540,4.0,3,2,2,2,5,3,2,7,2,1,1,1
15,178,4.0,3,1,3,1,2,1,2,2,2,1,1,1
96,3541,5.0,3,3,3,1,2,7,2,2,1,1,1,2
96,3542,3.0,2,2,2,1,1,1,7,7,2,1,1,1
96,66,3.0,3,2,2,2,1,3,2,2,1,1,1,1
100,212,5.0,1,3,3,1,1,1,2,1,1,1,2,1
100,194,3.0,3,3,2,2,2,3,7,7,2,-1,-1,1
100,2360,5.0,3,2,3,1,5,7,2,2,1,1,-1,-1
100,3544,2.0,3,-1,-1,-1,-1,2,7,7,2,-1,-1,-1
15,3545,2.0,3,1,3,1,5,2,7,7,2,1,1,1
15,3546,4.0,2,1,3,1,5,2,1,1,2,1,2,1
55,3548,5.0,1,1,3,1,1,2,2,2,2,1,1,2
55,3549,5.0,1,1,3,1,5,2,2,2,2,1,1,1
100,79,3.0,3,3,2,2,5,3,7,7,2,-1,-1,-1
61,16,3.0,4,2,3,1,1,2,5,7,1,1,1,1
15,3550,3.0,3,2,3,1,1,2,1,1,2,1,2,1
56,68,5.0,3,2,3,1,1,2,2,2,1,1,1,1
56,247,3.0,3,2,3,1,1,2,4,7,2,1,1,1
21,3551,3.0,4,2,3,1,1,1,1,7,1,1,2,1
55,196,5.0,1,2,3,1,1,1,2,7,2,1,1,2
55,62,5.0,1,2,3,1,1,2,4,4,2,1,1,2
31,164,5.0,2,2,3,1,1,1,2,2,1,1,1,1
55,3552,4.0,1,1,3,1,1,1,2,2,2,1,1,2
89,3553,4.0,3,1,3,2,2,2,4,2,1,1,1,1
89,3554,4.0,3,2,3,2,1,2,1,2,1,1,1,1
55,3555,4.0,2,1,3,1,1,1,2,2,2,1,1,2
55,3556,5.0,2,1,3,1,1,1,2,2,2,1,1,2
31,3557,2.0,3,1,3,2,1,4,6,6,2,1,2,1
28,3524,3.0,3,1,2,2,1,2,7,4,1,1,1,1
55,3559,4.0,2,1,3,1,5,2,2,2,2,1,1,2
55,3560,5.0,2,1,3,1,5,2,2,2,2,1,1,2
28,3561,5.0,3,1,3,2,5,5,2,2,1,1,1,1
55,3563,4.0,3,1,3,1,2,1,4,7,2,1,1,1
50,3564,4.0,3,1,3,1,2,2,7,2,1,1,1,1
50,38,4.0,3,2,3,1,1,7,2,2,1,1,1,2
43,3565,5.0,3,1,3,1,2,1,2,4,2,1,1,1
28,3566,4.0,3,1,3,2,5,5,6,5,1,1,1,1
33,3567,5.0,2,1,3,1,2,1,2,4,1,1,2,1
50,3568,3.0,4,2,3,1,2,1,7,5,3,1,1,1
50,3569,4.0,3,1,3,1,5,1,4,2,1,1,1,1
55,3569,3.0,2,1,3,1,2,2,7,7,2,1,1,1
103,3098,5.0,3,1,3,1,1,1,7,7,1,1,1,2
103,3570,5.0,2,1,3,1,5,1,7,7,1,1,1,1
37,3572,4.0,3,2,3,2,2,3,2,2,2,1,2,1
37,3573,4.0,3,1,3,2,5,6,7,7,2,1,2,1
37,3575,3.0,3,1,3,2,5,6,7,7,2,1,2,1
37,3576,5.0,4,1,3,2,2,6,2,2,2,2,2,1
37,3577,3.0,2,1,3,2,2,6,1,2,2,1,2,1
37,3578,3.0,2,1,3,2,2,6,7,2,2,1,2,1
55,3579,4.0,2,2,3,1,5,2,7,4,2,1,2,1
55,3580,4.0,2,2,3,1,5,2,7,2,2,1,1,2
43,3581,5.0,2,2,3,1,2,1,2,2,1,1,1,2
21,3582,3.0,2,2,3,1,2,1,7,7,1,1,2,1
21,3583,3.0,3,2,3,1,2,1,2,7,1,1,2,1
21,3584,4.0,4,2,3,1,2,1,7,2,1,1,1,1
61,3585,3.0,3,2,3,1,5,2,7,7,1,2,1,1
50,3545,4.0,2,2,3,1,5,2,2,4,1,1,1,1
42,3510,3.0,4,2,3,3,2,2,7,7,3,1,2,1
35,3586,5.0,2,2,3,1,2,1,2,4,1,1,1,1
24,52,5.0,2,2,3,1,2,1,7,7,2,1,1,2
21,3587,3.0,3,2,3,1,2,1,7,7,2,1,2,1
31,3588,4.0,4,2,3,1,5,1,3,6,3,1,1,1
31,3589,3.0,2,2,3,1,2,1,2,2,1,1,1,2
31,3590,4.0,2,2,3,1,2,1,2,1,1,1,1,2
33,3591,2.0,3,1,3,1,5,1,7,7,1,1,2,1
55,3187,4.0,3,2,3,1,5,1,2,1,2,1,1,2
55,3593,4.0,3,2,3,1,2,2,7,4,2,1,2,2
55,3594,3.0,2,2,3,1,2,1,7,7,2,1,1,1
89,201,4.0,2,1,3,1,2,1,7,5,3,1,1,1
89,1,2.0,3,2,3,1,2,3,5,4,1,1,1,1
89,3595,1.0,3,2,3,1,5,3,2,6,1,1,2,1
42,86,4.0,3,1,3,3,2,2,2,2,1,1,1,1
21,3597,2.0,4,1,3,1,5,1,7,3,2,1,2,2
104,3599,3.0,3,2,3,2,2,7,7,7,1,1,1,1
105,3598,4.0,3,1,3,1,5,2,2,7,2,1,2,1
55,3601,4.0,2,1,3,1,5,1,1,4,2,1,1,1
55,166,5.0,3,1,3,1,2,2,2,2,2,1,1,1
28,38,4.0,3,1,3,1,5,1,4,2,1,1,1,1
15,167,5.0,3,1,3,1,1,2,4,4,2,1,2,1
15,3000,5.0,3,1,3,1,1,2,2,2,2,1,1,2
55,3543,5.0,4,1,3,1,5,1,4,4,2,1,1,2
55,3604,3.0,2,1,3,1,5,1,7,7,2,1,1,1
55,3606,5.0,3,1,3,1,5,2,2,4,2,1,2,2
21,3607,5.0,3,1,3,1,5,1,2,2,1,1,2,2
35,3608,4.0,4,1,3,1,5,1,2,2,1,1,2,2
55,3501,3.0,2,1,3,1,4,2,7,7,2,1,1,1
61,3609,4.0,3,2,3,1,5,2,7,2,2,1,1,2
50,47,4.0,2,2,3,1,2,2,2,4,3,1,1,1
35,3611,4.0,4,1,4,1,5,1,2,2,2,1,1,1
54,47,4.0,2,2,4,1,5,2,7,4,1,1,1,1
55,3612,4.0,2,1,3,1,5,1,2,4,2,1,1,1
27,3613,4.0,3,2,3,1,4,2,2,2,1,1,1,1
21,3614,1.0,3,1,3,1,5,1,7,7,1,1,2,1
28,3615,4.0,3,2,3,1,5,1,2,2,2,1,1,1
28,3613,4.0,3,2,3,3,4,2,2,2,1,1,1,2
28,3616,2.0,3,1,3,1,5,1,2,2,2,1,1,1
55,3617,5.0,2,1,3,1,4,1,1,4,2,1,1,1
21,3618,3.0,3,1,3,1,4,1,1,6,2,1,2,1
43,3619,5.0,1,1,3,1,4,1,4,7,1,2,1,2
50,2623,5.0,3,1,3,1,4,1,2,2,1,1,1,1
108,3579,5.0,3,2,3,1,4,2,2,2,1,1,2,1
108,3610,5.0,2,1,3,1,4,2,2,2,1,2,2,1
54,67,3.0,3,1,4,1,5,1,7,7,2,1,1,1
54,3610,5.0,3,2,4,1,5,2,2,2,1,1,1,1
50,3610,5.0,4,2,3,1,5,2,2,2,1,1,2,1
89,3545,4.0,4,2,3,1,4,3,2,2,1,1,1,1
27,47,3.0,4,2,3,1,5,2,7,7,2,1,1,1
28,47,3.0,3,2,3,3,5,2,7,7,2,1,1,1
35,3620,4.0,3,2,4,1,5,1,2,2,3,1,2,2
35,3595,3.0,4,2,4,1,5,1,7,7,3,1,1,1
55,3622,4.0,3,1,3,1,5,1,4,4,2,1,1,1
50,3623,4.0,1,2,3,1,1,3,2,2,1,1,1,1
89,3624,4.0,3,1,3,2,2,2,2,2,1,1,1,1
50,49,2.0,2,2,3,1,1,3,2,7,1,1,2,1
50,3625,1.0,2,2,3,1,5,3,7,7,2,1,2,1
55,3623,4.0,1,2,3,1,1,3,2,1,2,1,2,1
55,49,4.0,2,2,3,1,1,3,2,1,2,1,1,1
35,3626,3.0,3,2,4,1,5,1,7,7,2,1,1,1
55,3598,5.0,1,1,3,1,5,1,2,4,2,1,1,1
55,3599,5.0,2,1,3,2,5,2,1,4,2,1,1,1
43,3613,5.0,3,2,3,1,4,1,2,2,2,2,1,1
55,3627,4.0,1,1,3,1,5,1,4,4,2,1,1,1
50,166,4.0,3,1,3,1,1,2,2,7,1,2,1,1
35,3630,4.0,3,1,4,1,2,1,2,4,1,1,1,1
24,201,5.0,4,1,4,1,4,1,4,4,1,1,1,1
35,3545,5.0,3,1,4,1,2,1,2,2,1,1,1,1
55,3631,3.0,2,1,3,1,5,1,4,7,2,1,1,1
26,3632,5.0,4,2,4,1,5,1,2,2,2,1,1,1
26,3634,4.0,3,1,4,1,5,2,7,7,2,1,1,1
55,3635,5.0,1,1,3,1,5,1,2,1,2,1,1,1
35,18,2.0,3,1,4,1,5,1,7,4,1,1,1,1
55,138,5.0,2,1,3,1,5,2,4,3,2,1,1,2
50,115,5.0,3,2,3,1,5,2,4,2,1,2,1,1
54,115,5.0,2,2,4,1,1,2,7,5,1,1,2,2
25,3637,2.0,3,1,3,1,4,2,6,6,1,1,1,1
25,3639,4.0,3,1,3,1,1,2,2,2,1,1,1,1
25,3579,3.0,4,1,3,1,1,1,4,4,1,1,1,1
25,3640,3.0,2,1,3,1,2,1,2,2,1,1,1,1
25,3641,3.0,4,1,3,1,2,1,2,2,1,1,1,1
25,3642,4.0,1,2,3,1,5,1,4,3,1,1,1,1
61,66,3.0,3,2,3,1,5,1,7,7,2,2,1,1
55,3647,3.0,4,2,3,1,5,2,7,7,2,1,1,1
55,3649,5.0,4,2,3,1,5,2,2,4,2,1,2,2
55,3650,4.0,2,1,3,1,5,2,2,7,2,1,1,2
55,3651,1.0,4,1,3,1,5,2,6,6,2,1,2,1
26,245,4.0,2,2,4,1,5,1,3,4,1,1,1,2
26,3652,3.0,3,2,4,1,2,1,7,7,2,1,1,1
50,231,5.0,3,1,3,1,5,1,2,4,2,1,1,1
55,3653,4.0,4,1,3,1,5,1,2,4,2,1,1,1
35,3523,3.0,2,1,4,1,1,1,7,7,1,1,1,1
33,3654,2.0,3,1,3,1,5,1,7,7,1,1,2,1
54,3579,5.0,4,2,4,1,1,2,2,2,1,1,1,1
50,3579,4.0,4,2,4,1,4,2,7,2,2,1,1,1
35,3655,3.0,3,2,4,1,5,1,7,7,2,1,1,2
24,3656,4.0,4,2,4,1,1,1,7,7,2,1,1,1
55,39,5.0,3,2,3,2,5,2,4,4,2,1,2,1
24,3657,3.0,3,1,4,1,5,1,1,1,3,1,1,1
55,2523,3.0,2,1,3,1,5,1,7,7,2,1,1,1
55,3658,5.0,4,2,3,1,4,1,2,2,2,1,1,2
24,3659,4.0,4,1,4,1,5,1,2,2,2,1,1,2
33,77,4.0,3,2,3,1,4,2,4,4,1,1,1,1
33,3660,4.0,2,2,3,1,4,1,7,7,1,1,1,1
26,3661,5.0,2,2,4,1,4,1,3,1,1,1,1,2
26,3506,3.0,3,1,4,1,5,2,7,7,1,1,1,1
26,115,5.0,3,1,2,1,1,2,7,4,2,1,1,1
26,54,4.0,3,1,3,1,5,2,1,4,2,1,1,1
26,212,3.0,4,3,2,1,1,1,7,7,1,1,1,1
26,39,3.0,2,2,3,1,2,1,7,7,1,1,1,1
26,55,3.0,3,2,3,1,1,2,2,2,2,1,1,1
26,3664,4.0,3,1,3,1,2,2,2,7,2,1,2,1
26,3665,2.0,3,1,3,3,5,2,7,7,1,1,1,1
26,3666,4.0,3,2,3,1,2,2,7,7,1,1,1,1
26,3669,1.0,3,1,2,1,1,2,7,7,2,1,1,1
55,3610,5.0,1,1,4,1,5,1,2,2,2,1,1,1
55,3530,3.0,1,3,4,1,5,1,7,7,2,1,1,1
55,66,5.0,4,3,4,1,5,1,6,4,2,1,1,1
55,2271,3.0,1,3,4,1,5,1,1,7,2,1,1,2
55,3671,4.0,2,3,4,1,5,1,1,1,2,1,1,1
55,3672,4.0,3,3,4,1,5,2,2,4,2,1,1,2
55,47,5.0,4,3,4,1,5,2,2,4,2,1,1,2
55,3673,3.0,1,3,4,1,5,1,7,7,2,1,1,2
55,3674,5.0,1,3,4,1,5,1,2,1,2,1,1,2
43,3649,4.0,2,1,4,1,2,1,2,4,2,1,1,1
23,3675,4.0,3,2,4,2,5,6,2,2,1,1,1,1
31,156,5.0,3,1,4,1,2,1,2,2,1,1,1,2
31,157,5.0,4,1,4,1,2,1,7,2,1,1,1,2
25,3676,3.0,4,3,4,1,2,1,2,4,1,1,1,1
25,3678,3.0,3,1,4,1,4,2,2,2,1,1,1,1
25,16,2.0,2,2,4,1,2,1,2,7,1,1,1,1
27,201,4.0,4,2,4,1,5,2,7,7,3,1,-1,1
25,3679,4.0,1,2,4,1,4,1,1,1,1,1,1,2
25,141,5.0,1,2,4,1,4,1,2,2,1,1,1,1
33,3680,1.0,4,2,4,1,2,1,7,7,2,1,2,1
25,98,3.0,2,3,4,1,2,2,2,1,1,1,1,1
35,3681,3.0,2,3,4,1,5,1,2,7,1,1,2,2
35,3682,4.0,4,3,4,1,5,1,2,2,1,1,2,2
61,3683,4.0,3,3,4,1,4,2,2,7,1,1,2,2
31,3684,4.0,1,2,4,1,4,1,2,2,1,1,2,1
31,3610,5.0,2,2,4,1,4,1,2,2,1,1,1,1
75,3546,5.0,3,2,3,1,1,1,1,3,1,1,1,1
75,3686,4.0,3,2,3,1,1,1,2,2,1,1,1,1
54,2141,5.0,3,1,4,1,1,1,4,4,1,1,1,1
54,3687,3.0,2,2,4,1,1,1,7,7,1,1,1,1
35,3688,4.0,3,1,4,1,1,1,2,2,1,1,2,2
55,3689,3.0,1,3,4,1,5,1,5,4,2,1,1,1
55,3690,2.0,1,3,4,1,5,2,6,7,2,1,1,1
55,58,2.0,1,3,4,1,5,2,4,5,2,2,2,1
55,3691,3.0,2,3,4,1,5,2,7,4,2,2,1,1
55,3692,4.0,2,3,4,1,5,2,4,4,2,2,2,1
55,178,4.0,3,3,4,1,5,1,4,2,2,2,1,1
55,3693,4.0,4,3,4,1,5,1,2,4,2,2,1,1
55,198,3.0,4,3,4,1,5,1,4,2,2,2,1,1
55,142,4.0,1,1,4,1,5,2,4,4,2,2,1,2
50,3694,4.0,3,1,4,1,5,1,4,2,3,2,2,1
55,67,3.0,1,1,4,1,5,2,4,7,2,2,1,1
55,212,4.0,2,1,4,1,5,2,4,7,2,2,1,2
25,180,3.0,2,3,4,1,5,1,2,3,1,1,1,1
25,52,2.0,1,3,4,1,5,1,2,2,1,1,1,1
25,3613,4.0,1,3,4,1,5,1,2,2,1,1,1,1
25,3687,2.0,2,1,4,1,5,1,7,2,1,1,1,1
25,53,4.0,2,3,4,1,5,1,4,2,1,1,1,1
50,3649,4.0,4,2,4,1,4,2,7,4,2,2,1,1
54,3649,4.0,3,2,4,1,1,2,2,4,1,1,1,1
54,3695,3.0,4,2,4,1,1,2,2,7,1,1,1,1
54,3696,5.0,2,2,4,1,5,2,2,4,1,1,1,1
50,3697,4.0,3,2,4,1,5,2,4,4,1,2,1,1
54,3697,4.0,3,2,4,1,5,2,4,4,1,1,2,1
61,3698,4.0,4,2,4,1,5,5,1,7,1,1,2,1
55,3699,5.0,1,1,4,1,4,1,2,2,2,2,1,2
55,3700,5.0,2,1,4,1,5,2,4,4,2,2,1,1
43,3703,5.0,3,3,4,1,4,1,2,2,2,2,1,2
61,3545,4.0,4,2,4,1,4,2,2,2,1,1,1,1
21,175,3.0,2,3,4,1,1,3,2,2,1,2,2,1
21,3510,3.0,2,3,4,1,4,2,7,7,1,1,2,1
33,175,3.0,3,2,4,1,5,3,7,7,1,1,1,1
33,3510,4.0,3,2,4,1,4,2,7,1,1,1,1,1
26,135,5.0,4,2,4,1,4,2,2,2,1,1,1,2
37,199,2.0,4,3,4,1,1,2,2,7,1,1,2,1
21,141,4.0,3,1,4,1,5,2,2,4,2,2,2,1
24,3704,4.0,4,3,4,1,4,1,1,2,1,1,1,1
35,3705,2.0,3,1,4,1,1,1,5,7,3,2,2,2
112,3706,5.0,2,3,2,3,1,3,2,2,1,1,1,2
112,3707,5.0,4,2,3,1,2,1,7,1,1,1,1,2
112,3708,5.0,3,1,3,1,3,2,2,2,1,1,1,1
112,3709,5.0,1,1,2,1,1,1,2,2,1,1,1,1
112,3710,2.0,4,1,4,1,4,1,6,6,3,2,2,1
112,3610,4.0,4,2,4,3,5,3,2,2,1,1,1,1
33,141,5.0,3,1,4,1,5,2,4,4,1,1,1,1
37,3711,2.0,2,1,4,1,5,1,2,7,2,1,1,1
24,165,4.0,4,1,4,1,5,1,2,2,1,1,1,1
43,3713,5.0,3,3,4,1,4,1,4,7,2,1,1,1
43,3714,4.0,3,1,4,1,5,1,7,7,2,1,1,1
35,3715,1.0,3,1,4,1,5,1,5,6,1,1,1,1
43,3716,5.0,3,1,4,1,5,1,1,1,1,1,1,1
37,3717,5.0,3,1,4,1,5,1,4,2,2,1,1,1
37,3718,5.0,4,1,4,1,5,1,2,2,1,1,1,1
21,3696,5.0,3,1,4,1,5,2,7,4,2,1,1,1
35,3719,3.0,3,1,4,1,5,1,7,7,2,1,2,1
55,3721,5.0,2,1,4,1,5,1,2,2,2,1,1,2
55,54,2.0,4,1,4,1,5,2,7,6,2,1,2,1
33,3720,2.0,3,1,4,1,5,2,7,7,2,1,2,1
55,3722,5.0,2,1,4,1,1,1,2,4,2,1,1,2
50,3723,3.0,2,3,4,1,5,2,7,5,2,2,1,1
31,3635,5.0,2,3,4,1,5,1,2,2,1,1,1,1
54,3724,5.0,2,3,4,1,5,2,2,2,1,1,1,1
50,3725,4.0,3,3,4,1,5,2,2,2,1,2,2,1
91,3727,3.0,4,2,4,1,5,1,7,7,1,1,1,1
91,51,4.0,4,2,4,1,5,1,7,7,1,2,1,1
55,3728,5.0,2,2,4,1,5,1,2,4,2,1,1,2
20,3729,5.0,3,1,4,1,5,1,2,1,2,1,1,2
61,3695,2.0,3,3,4,1,5,2,7,7,1,1,1,1
48,3730,5.0,4,1,4,1,1,5,1,1,2,1,2,1
50,3731,3.0,2,2,4,1,1,2,2,2,1,2,1,1
54,3731,4.0,2,2,4,1,1,2,2,2,1,1,1,1
35,3732,4.0,3,2,4,1,5,7,1,2,2,1,2,2
24,3733,3.0,3,2,4,1,5,1,4,4,1,1,1,1
112,3736,3.0,4,1,4,1,5,1,7,1,2,1,1,1
33,47,5.0,4,2,4,1,1,2,3,4,1,1,1,1
55,74,3.0,3,2,4,1,5,2,7,6,2,1,1,2
55,3737,3.0,2,2,4,-1,5,1,7,6,2,1,1,1
42,66,4.0,4,1,4,3,5,1,2,2,2,1,1,1
55,3738,3.0,2,1,4,1,2,2,7,5,2,2,1,1
42,3740,3.0,3,1,4,3,5,1,1,1,2,1,1,1
61,3739,4.0,3,1,4,1,2,2,7,2,1,1,2,2
55,3742,1.0,3,1,4,1,5,2,6,6,2,1,2,1
35,3625,4.0,3,1,4,1,5,1,2,2,1,1,2,2
35,3743,3.0,3,1,4,1,5,1,2,2,1,1,1,1
15,3744,4.0,3,3,4,1,1,2,2,2,2,1,1,2
15,3745,4.0,3,3,4,1,1,2,2,2,2,1,1,2
122,3746,5.0,-1,-1,-1,1,-1,1,7,2,2,-1,1,2
122,16,4.0,-1,-1,-1,2,-1,3,7,7,1,1,1,1
122,18,2.0,2,2,2,1,1,1,7,7,1,1,1,1
123,3748,3.0,4,2,4,2,5,3,1,2,2,2,2,1
42,3516,2.0,3,2,4,1,1,1,6,6,2,2,2,1
24,3750,5.0,2,2,4,1,1,1,2,2,1,1,1,1
25,3751,3.0,3,1,4,1,4,1,2,2,1,1,1,1
35,3752,3.0,3,2,4,1,1,1,2,7,1,1,2,1
35,248,5.0,4,2,4,1,1,7,2,2,1,1,2,2
55,3753,5.0,4,1,4,1,5,1,4,4,2,1,1,1
125,3754,3.0,4,1,4,1,5,7,7,2,1,1,2,1
55,20,3.0,1,1,4,1,1,1,7,7,2,-1,1,1
55,3755,4.0,2,1,4,1,2,2,7,4,2,1,1,1
35,2755,4.0,3,1,4,-1,2,1,2,2,1,1,2,2
126,3032,5.0,3,2,1,1,1,1,4,2,1,1,1,1
126,3757,5.0,3,2,3,1,2,1,7,2,2,1,1,1
127,3726,5.0,4,1,4,1,2,1,4,4,3,1,1,1
79,3713,5.0,3,1,4,1,2,2,4,4,1,1,1,1
55,3759,3.0,2,1,4,1,5,1,1,1,2,1,1,1
21,3760,5.0,3,1,4,1,5,1,2,5,1,1,2,2
33,3762,4.0,3,1,4,1,2,1,2,4,1,1,2,1
55,3763,4.0,2,1,4,1,5,2,7,4,2,1,1,1
125,3758,5.0,4,1,4,3,5,2,2,2,1,1,1,1
21,138,5.0,3,2,4,1,1,1,4,3,1,1,1,1
24,3764,5.0,3,2,4,1,1,1,2,7,1,1,1,1
21,241,4.0,4,2,4,1,1,1,4,7,1,1,2,1
35,241,4.0,3,2,4,-1,1,1,2,4,1,1,2,2
61,3765,3.0,3,2,4,1,3,2,7,7,2,1,1,1
21,88,3.0,1,2,4,1,1,1,7,7,1,1,2,2
125,3765,3.0,4,2,4,3,5,2,4,6,1,1,2,1
21,3750,5.0,3,2,4,1,1,1,2,7,1,1,1,1
21,3766,4.0,4,2,4,1,1,1,2,2,1,1,2,1
31,18,5.0,2,2,4,1,1,1,2,2,1,1,1,1
50,3629,4.0,3,2,4,1,1,2,2,4,1,1,1,1
27,3768,5.0,3,2,4,1,1,2,2,2,1,1,1,1
55,3769,5.0,3,2,4,1,5,2,2,4,2,1,1,2
55,3770,3.0,4,2,4,1,5,2,7,7,2,1,2,1
61,32,4.0,3,1,4,1,5,1,1,3,3,1,1,1
35,3771,5.0,3,1,4,1,5,1,2,2,1,1,2,2
79,3726,5.0,3,1,4,1,1,2,4,3,2,1,1,1
79,3772,4.0,3,1,4,1,1,2,1,4,2,1,1,1
15,2677,3.0,4,1,4,1,5,2,3,3,2,1,1,1
55,122,5.0,3,2,4,1,5,1,2,4,2,1,1,2
21,3773,5.0,3,1,4,1,5,1,2,2,1,1,2,2
25,3774,5.0,4,1,4,1,5,2,3,4,1,1,1,1
25,3743,2.0,2,2,4,1,5,2,2,2,1,1,1,1
25,3775,5.0,3,1,4,1,1,1,2,2,1,1,1,2
131,3776,3.0,3,1,4,1,5,1,2,7,1,1,2,1
55,33,5.0,2,1,4,1,5,1,2,2,2,1,1,2
60,3777,4.0,2,2,4,1,5,1,2,2,1,1,1,1
28,3768,5.0,3,2,4,3,5,2,2,2,2,1,2,1
28,3778,3.0,3,1,4,1,1,1,2,2,1,1,1,1
131,3779,3.0,4,2,4,1,5,1,2,2,1,1,2,1
55,3756,5.0,2,1,4,1,5,1,2,2,2,1,1,2
55,3667,3.0,2,1,4,1,5,2,7,7,2,1,1,1
27,3780,2.0,2,2,4,1,5,2,7,7,2,1,1,1
125,3610,5.0,4,2,4,3,5,2,2,2,1,1,2,1
61,3610,5.0,3,2,4,1,5,2,2,2,2,1,1,1
55,3781,5.0,3,2,4,1,5,2,1,2,2,1,1,2
54,124,2.0,2,2,4,1,-1,2,7,7,2,1,1,1
31,47,5.0,2,2,4,1,5,1,2,4,1,1,1,1
21,3782,4.0,4,2,4,1,5,2,1,2,1,2,2,1
33,3782,3.0,-1,2,4,1,5,2,1,7,1,1,2,1
35,3726,4.0,2,2,4,1,1,1,1,7,1,1,1,1
23,3783,5.0,3,2,4,1,5,1,2,2,2,1,1,2
55,3784,4.0,3,1,4,1,5,2,4,4,2,1,1,1
54,3735,4.0,3,1,4,1,5,2,2,2,3,2,1,1
43,3786,5.0,3,1,4,1,5,-1,1,1,1,-1,1,1
21,3726,3.0,4,1,4,1,5,2,7,3,1,2,2,1
43,3787,5.0,4,1,4,1,5,1,2,2,1,1,1,1
61,159,4.0,3,1,4,1,5,2,2,7,1,1,1,1
125,159,5.0,4,1,4,3,5,2,2,2,1,1,1,2
21,3788,5.0,3,1,4,1,5,2,2,7,2,2,2,1
21,3579,5.0,4,1,4,1,5,2,2,2,1,2,1,1
21,3588,4.0,3,2,4,1,1,1,3,7,1,1,2,2
50,3726,3.0,2,2,4,2,1,2,4,7,2,1,1,1
27,3576,3.0,3,2,4,1,1,1,7,7,1,1,1,1
24,3789,4.0,3,2,4,1,1,1,4,2,1,1,1,2
31,3791,4.0,2,2,4,1,1,1,2,2,1,1,1,1
21,3792,3.0,4,2,4,1,1,1,7,3,1,1,2,2
33,3788,2.0,2,2,4,1,1,2,5,1,2,2,1,1
125,3796,3.0,4,1,4,1,1,7,2,2,1,1,2,1
55,3797,4.0,4,2,4,1,1,1,4,6,2,1,1,2
35,3750,5.0,3,3,4,1,1,1,2,3,1,1,1,1
21,2281,4.0,4,1,4,1,1,2,7,6,1,1,1,2
26,3726,5.0,4,1,4,1,5,1,7,4,2,1,1,1
26,3579,4.0,4,1,-1,1,1,1,7,7,2,1,1,1
35,3799,4.0,2,1,4,1,1,1,2,2,2,1,1,1
127,3750,4.0,3,1,4,1,1,5,2,3,1,2,1,1
35,3800,3.0,3,1,4,1,1,1,7,7,2,1,2,2
21,3801,4.0,3,1,4,1,1,1,2,7,1,1,2,1
55,3313,5.0,2,1,4,1,1,1,2,6,2,1,1,2
131,3678,4.0,4,1,4,3,5,3,2,2,1,1,2,1
25,3777,2.0,2,1,4,1,1,1,2,2,1,2,1,-1
31,3545,4.0,3,2,4,1,5,1,2,4,1,1,1,1
25,173,4.0,1,2,4,1,5,1,1,2,2,2,1,1
31,38,4.0,2,2,4,1,2,1,2,2,1,1,1,1
24,3803,4.0,2,2,4,1,5,1,2,7,2,1,1,1
132,3787,4.0,3,2,4,2,2,2,7,2,2,1,1,1
35,3804,4.0,3,2,4,1,2,1,7,7,2,1,2,2
61,3805,3.0,3,1,4,1,5,2,2,7,1,1,2,1
50,3806,4.0,4,2,4,1,5,2,7,4,3,2,1,2
35,3807,4.0,2,2,4,1,5,1,7,6,2,1,1,1
24,3509,3.0,2,2,4,1,5,1,7,7,2,1,1,1
25,3726,5.0,3,2,4,2,4,3,3,3,2,1,1,1
25,3727,5.0,1,2,4,1,5,1,1,1,3,1,1,1
25,3808,3.0,1,2,4,1,5,1,2,1,1,1,1,1
50,3809,1.0,4,2,4,1,5,1,6,5,2,1,2,1
75,3811,5.0,3,2,4,1,5,1,2,5,1,1,1,1
75,3812,5.0,3,2,4,1,5,1,6,3,1,1,1,1
75,3813,5.0,3,2,4,1,1,1,2,2,1,1,1,2
75,3814,5.0,3,2,4,1,5,1,7,5,1,1,1,2
75,3252,4.0,2,2,4,1,5,1,2,2,1,1,1,1
75,3815,4.0,2,1,4,1,5,1,1,5,1,1,1,1
33,3816,5.0,4,2,4,1,2,1,2,4,2,1,2,1
75,2086,4.0,3,3,4,1,4,1,2,7,1,1,1,1
75,3817,5.0,3,2,4,1,4,1,2,4,1,1,1,1
75,3819,4.0,2,1,4,1,5,1,1,1,1,1,1,1
21,2234,3.0,3,1,4,1,5,1,7,5,1,2,2,2
27,3649,4.0,4,1,4,1,4,2,2,2,1,2,1,1
28,3649,4.0,3,1,4,3,5,2,2,2,1,1,2,1
61,3731,5.0,3,1,4,1,4,1,2,2,1,1,1,2
26,3770,1.0,3,1,4,2,2,4,7,7,2,1,2,1
50,3820,5.0,3,1,4,1,1,1,1,4,1,1,1,1
43,3821,4.0,3,1,4,2,1,1,1,7,1,1,1,1
43,3822,4.0,4,1,4,2,1,2,7,7,1,1,1,1
54,3823,4.0,2,2,4,1,1,2,7,7,3,2,1,1
134,3748,4.0,3,2,4,1,5,7,2,2,1,1,1,1
134,3824,3.0,3,3,4,1,1,3,2,2,2,1,1,1
43,3825,5.0,3,2,4,1,1,1,2,2,1,1,1,1
55,3116,5.0,2,2,4,1,5,2,4,2,2,1,1,2
33,3827,5.0,3,-1,4,1,5,2,1,1,2,1,2,1
21,3827,4.0,4,2,4,1,5,2,2,1,1,1,2,1
50,3828,4.0,2,2,4,1,5,1,7,2,2,1,1,2
50,3829,3.0,3,2,4,1,5,1,7,7,2,1,1,1
21,219,3.0,3,2,4,1,5,2,7,2,1,1,1,2
55,3831,5.0,2,1,4,1,5,1,4,2,2,1,1,2
55,1889,5.0,2,3,4,1,5,1,6,4,2,1,1,2
55,3832,3.0,3,3,4,1,5,1,7,6,2,1,1,1
127,3712,4.0,3,1,4,1,4,1,2,7,1,1,1,1
55,3304,4.0,2,3,4,1,4,2,7,4,2,1,1,1
55,3833,3.0,2,3,4,1,4,1,7,7,2,1,1,1
127,3834,5.0,4,1,4,2,5,3,1,1,1,1,2,1
55,3835,3.0,1,3,4,1,5,1,7,7,2,1,1,2
21,223,5.0,2,1,4,1,5,1,2,2,1,1,1,2
31,3834,5.0,4,1,4,2,4,6,1,1,1,1,1,1
28,3822,5.0,3,1,4,2,5,3,2,2,1,1,1,1
55,3836,4.0,1,3,4,1,5,1,4,6,2,1,1,1
55,3837,4.0,1,3,4,1,5,1,7,6,2,1,1,1
134,184,5.0,3,2,4,1,1,7,2,2,1,1,1,1
28,3838,4.0,3,2,4,1,1,1,2,2,3,1,1,2
21,3834,5.0,2,2,4,1,1,1,1,1,1,1,1,1
31,3839,3.0,3,2,4,2,4,6,1,1,1,1,1,1
31,3840,4.0,2,2,4,1,5,1,2,2,1,2,1,1
55,3841,4.0,1,3,4,1,5,1,7,6,2,1,1,1
55,1974,4.0,2,3,4,1,5,2,7,6,2,1,1,1
55,3842,4.0,2,3,4,1,5,2,7,4,2,1,1,1
55,2461,4.0,1,3,4,1,1,1,6,6,2,1,1,1
55,3783,5.0,2,3,4,1,1,1,4,2,2,1,1,1
48,3844,5.0,3,2,4,1,5,1,2,4,1,1,1,1
55,3845,2.0,1,3,4,1,1,1,5,7,2,1,1,1
55,3846,3.0,1,3,4,1,1,1,7,2,2,1,1,1
15,3847,5.0,3,2,4,1,1,2,2,2,2,1,2,1
60,3716,4.0,4,1,4,1,1,2,1,1,1,1,1,1
60,3726,5.0,3,1,4,2,5,3,4,4,1,1,1,1
50,3848,5.0,2,2,4,1,1,1,1,2,1,2,1,1
54,3510,3.0,3,2,4,1,1,2,7,7,1,1,2,1
125,3726,5.0,4,1,4,1,1,1,4,4,1,1,1,1
48,3849,3.0,1,2,4,1,1,1,7,7,2,1,1,1
25,3710,3.0,1,2,4,1,1,1,1,1,2,2,1,1
25,3851,5.0,1,2,4,1,1,1,2,2,3,2,1,1
25,3853,3.0,2,2,4,1,1,1,2,2,1,2,1,2
25,3854,3.0,2,2,4,1,3,2,2,4,1,1,1,1
61,2509,5.0,3,2,4,1,1,2,2,7,1,1,2,2
55,3687,3.0,1,3,4,1,5,2,7,7,2,1,2,1
55,3735,4.0,2,3,4,1,5,1,2,4,2,1,1,1
48,3643,5.0,3,2,4,3,1,3,2,4,2,1,2,1
48,83,4.0,2,2,4,1,1,1,7,7,2,1,1,1
48,3637,5.0,4,2,4,1,1,1,4,5,3,1,1,1
48,18,2.0,3,1,4,1,1,1,7,7,2,1,1,1
48,42,3.0,3,1,4,1,1,1,7,7,2,1,1,1
50,3855,2.0,3,2,4,1,1,1,7,2,2,1,1,2
28,3611,1.0,3,2,4,1,5,2,2,2,1,1,2,1
55,3856,5.0,2,3,4,1,5,1,4,2,2,1,1,1
55,3857,3.0,1,3,4,1,1,1,4,4,2,1,1,1
55,3726,4.0,4,3,4,1,1,1,4,4,2,1,1,1
125,2509,5.0,4,2,4,3,1,2,4,4,1,1,1,2
15,3748,4.0,3,1,4,1,2,2,2,2,1,1,2,1
138,3770,4.0,3,1,4,1,2,2,7,4,1,1,1,1
35,3858,4.0,2,1,4,1,2,1,4,3,1,1,1,1
140,3859,5.0,3,2,2,3,1,3,2,2,1,1,1,2
143,3860,4.0,3,1,4,1,2,1,7,7,2,1,-1,1
143,3649,5.0,-1,-1,-1,-1,-1,-1,7,7,2,-1,-1,-1
143,138,5.0,3,1,1,2,2,2,4,7,2,1,-1,1
143,47,4.0,3,1,3,2,-1,2,7,7,2,1,-1,-1
143,3861,4.0,3,-1,-1,1,-1,1,7,7,2,1,-1,-1
143,3708,5.0,-1,-1,-1,-1,-1,-1,7,7,2,-1,-1,-1
143,3535,4.0,-1,-1,-1,-1,-1,-1,7,7,2,-1,-1,-1
143,3862,4.0,-1,-1,-1,-1,-1,-1,7,7,2,-1,-1,-1
143,3510,5.0,-1,-1,-1,-1,-1,-1,7,7,2,-1,-1,-1
143,3863,4.0,-1,-1,-1,-1,-1,-1,7,7,2,-1,-1,-1
141,48,3.0,2,1,-1,-1,-1,-1,4,7,2,1,1,1
141,3864,4.0,4,1,-1,1,-1,3,7,4,2,1,1,1
145,3610,5.0,-1,-1,-1,-1,-1,-1,2,2,1,-1,-1,-1
145,3735,5.0,-1,-1,-1,-1,-1,-1,2,2,2,-1,-1,-1
50,3854,3.0,3,1,4,1,2,2,4,4,2,2,2,1
54,3854,5.0,3,1,4,1,2,2,2,1,3,1,1,1
48,3748,5.0,4,1,4,1,5,1,7,2,1,1,1,1
61,3510,3.0,3,1,4,1,2,2,7,7,2,1,2,1
48,3866,3.0,3,1,4,1,1,1,7,2,1,1,1,1
148,3640,5.0,2,1,4,2,1,1,2,2,1,1,2,1
55,3510,4.0,1,1,4,1,5,1,4,7,2,1,1,1
125,3510,4.0,4,1,4,3,2,2,7,7,2,2,1,1
149,3770,4.0,4,2,-1,1,-1,1,7,7,2,-1,-1,-1
48,47,4.0,4,1,4,1,5,1,7,7,1,1,1,1
48,3585,4.0,3,1,4,1,2,1,7,7,1,1,1,1
127,3867,4.0,3,1,4,1,2,1,2,2,1,2,1,1
138,3868,4.0,4,1,4,1,5,2,7,1,2,1,1,2
150,3869,3.0,4,1,4,2,2,2,2,2,1,1,2,1
48,180,5.0,4,2,4,1,2,1,7,7,1,1,1,1
55,3870,5.0,2,1,4,1,5,2,1,6,2,1,1,2
55,3871,3.0,1,1,4,1,2,1,2,1,2,1,1,1
55,136,3.0,2,1,4,1,2,2,7,7,2,1,1,1
33,3825,5.0,3,2,4,2,5,2,2,1,1,1,1,1
144,164,5.0,4,1,4,1,5,1,2,2,1,1,2,1
21,3825,5.0,3,2,4,2,1,2,2,2,1,1,2,1
61,201,4.0,3,2,4,1,5,2,1,7,1,1,1,1
25,3787,4.0,2,2,4,1,5,2,2,1,2,1,1,1
21,3600,3.0,2,2,4,1,1,1,7,3,2,1,1,1
25,3844,5.0,1,2,4,1,1,1,1,1,3,1,1,1
25,3716,4.0,2,2,4,1,1,1,1,3,3,1,1,1
27,3751,2.0,4,2,4,1,1,2,7,7,2,1,1,1
48,3873,5.0,4,2,4,1,2,1,7,7,2,1,1,1
55,3677,3.0,2,1,4,1,5,2,7,4,2,1,1,1
55,3874,4.0,3,1,4,1,5,2,4,3,2,1,1,2
125,201,4.0,4,2,4,3,2,2,1,1,3,2,2,1
15,3875,3.0,3,2,4,1,1,2,7,7,1,1,1,1
24,3876,4.0,2,2,1,1,1,1,2,2,2,2,1,-1
24,3877,4.0,4,2,1,1,1,1,7,7,2,2,1,1
35,3878,4.0,3,1,1,1,1,1,2,2,2,1,1,1
54,3879,4.0,3,1,4,1,1,2,2,2,2,2,1,1
50,3879,4.0,3,1,1,1,5,2,2,2,1,1,2,2
55,3880,5.0,2,2,1,1,1,1,7,2,2,1,1,2
48,3881,4.0,4,1,1,1,1,1,7,7,2,1,1,1
141,3883,5.0,3,1,1,1,-1,1,5,7,2,1,1,1
55,3750,2.0,2,2,1,1,1,1,7,5,2,1,1,1
55,3885,4.0,2,2,1,1,1,1,2,4,2,1,1,1
55,3713,3.0,3,2,1,1,1,2,7,7,2,1,1,2
27,3886,5.0,4,1,1,1,1,2,2,2,1,1,1,1
35,3887,4.0,3,1,1,1,1,1,2,2,1,1,1,1
26,3888,5.0,4,2,1,1,1,2,7,4,2,1,1,1
26,3599,3.0,3,1,1,1,1,2,7,7,2,1,1,1
26,3889,3.0,4,2,1,1,1,2,7,7,2,1,1,1
48,3890,5.0,4,1,1,1,1,1,4,1,2,1,-1,1
48,3891,5.0,4,1,1,1,1,1,2,7,2,1,1,1
55,3714,4.0,2,1,1,1,1,1,7,1,2,1,1,1
150,3750,5.0,4,1,1,1,1,2,4,4,1,1,2,1
55,3894,4.0,2,1,1,1,1,2,2,5,2,1,1,1
25,3724,5.0,3,1,4,1,1,2,1,2,1,1,1,1
50,102,5.0,2,2,1,1,1,2,1,2,1,1,1,1
54,102,4.0,2,2,1,1,1,2,1,6,1,1,2,1
55,3748,4.0,2,1,1,1,5,2,4,7,2,1,1,1
31,3895,4.0,2,2,1,1,5,1,2,2,1,1,1,1
27,3896,3.0,3,2,1,1,5,2,7,7,2,1,1,1
28,3896,2.0,3,2,1,3,5,2,7,7,1,1,1,1
28,3886,4.0,3,1,1,3,1,2,2,2,1,1,2,1
48,3844,5.0,3,2,1,3,1,3,7,4,1,1,1,-1
50,3897,5.0,3,2,1,1,5,1,4,4,2,1,2,1
35,3898,5.0,4,2,1,1,5,7,2,2,1,1,2,2
55,3899,3.0,2,1,1,1,1,1,4,7,2,1,1,1
35,124,4.0,3,1,1,1,2,1,2,2,2,1,1,2
48,3695,4.0,4,1,1,1,1,1,7,7,2,1,1,1
26,3900,3.0,4,2,1,1,1,2,7,7,1,1,1,1
26,67,4.0,3,2,1,1,1,2,7,7,2,1,1,1
26,3901,4.0,3,1,1,1,2,2,1,7,2,1,1,1
55,1938,5.0,2,1,1,1,2,2,7,2,2,1,1,2
48,3902,4.0,4,1,1,1,2,1,7,7,1,1,1,1
31,3903,4.0,2,1,1,2,2,6,2,2,1,1,2,1
48,3904,3.0,3,1,1,1,1,1,7,7,2,1,1,1
27,3905,5.0,3,1,1,2,1,3,2,2,1,1,2,1
27,3906,4.0,4,1,1,2,1,2,2,2,1,1,1,1
28,3906,5.0,3,1,1,2,1,2,2,2,1,1,1,1
144,220,5.0,4,2,1,1,1,1,2,7,1,1,1,1
21,3844,4.0,2,2,1,1,1,3,2,2,1,1,2,1
28,3832,4.0,3,1,1,1,2,1,2,2,1,1,1,1
25,3909,4.0,1,1,4,1,1,1,1,2,1,1,1,1
25,3630,1.0,2,2,4,1,1,2,2,2,1,1,1,1
157,3911,4.0,4,2,3,1,1,1,3,6,2,1,2,1
157,3912,5.0,2,1,4,1,1,2,2,2,1,1,1,1
157,3913,3.0,3,1,1,1,1,1,7,7,2,1,1,2
157,3548,5.0,2,2,3,1,5,7,2,2,1,1,1,1
157,2143,5.0,3,2,3,1,5,7,7,7,2,1,1,2
157,3737,4.0,3,2,2,1,1,7,2,1,2,1,1,1
157,3914,4.0,3,2,1,1,5,7,2,1,1,1,1,1
26,3915,3.0,-1,1,1,1,5,2,7,7,2,1,1,1
26,3748,4.0,3,2,1,1,5,2,4,7,2,1,1,1
157,3536,4.0,2,1,3,1,5,4,2,2,1,1,1,1
125,3916,4.0,2,1,1,1,1,1,2,2,1,2,1,1
31,3917,4.0,2,1,1,1,1,1,2,2,1,1,1,1
55,3919,4.0,4,2,1,2,5,2,7,6,2,1,1,1
55,3920,5.0,2,1,1,1,5,2,4,4,2,1,1,2
89,3750,4.0,3,2,1,1,1,3,4,3,2,1,1,1
150,3743,3.0,3,2,3,1,1,2,2,2,1,1,1,1
15,3770,2.0,3,1,1,1,5,2,7,7,2,1,1,1
15,3921,3.0,3,2,1,1,1,2,4,4,2,1,2,1
21,2994,4.0,1,2,1,1,1,2,2,3,2,1,2,2
31,3882,5.0,3,2,1,1,1,1,2,4,1,1,1,1
157,3725,5.0,3,1,1,1,1,1,2,2,2,1,2,1
157,216,5.0,3,1,1,1,1,2,2,2,2,1,2,1
127,3714,3.0,3,2,1,1,1,1,7,7,2,1,1,1
125,3703,5.0,4,1,1,1,5,1,2,2,1,2,1,1
125,1953,2.0,4,2,1,3,1,2,6,6,3,1,1,1
33,2994,5.0,1,2,1,1,1,2,2,2,2,1,2,1
28,3925,4.0,3,1,1,2,2,3,2,3,1,1,2,1
150,3751,5.0,4,2,1,1,1,1,4,2,1,1,1,1
15,3927,2.0,3,1,1,1,5,2,7,7,2,1,1,1
15,86,5.0,3,1,1,1,1,2,2,2,1,1,1,1
35,3926,3.0,3,2,1,1,1,1,2,2,2,1,1,1
61,3724,2.0,3,2,1,1,1,2,7,7,1,1,1,1
15,3923,4.0,3,1,1,1,1,2,2,2,1,1,1,2
48,3687,4.0,4,1,1,1,1,1,2,7,1,1,1,1
26,3928,2.0,-1,2,1,1,1,1,6,7,2,1,1,2
15,3743,3.0,3,1,1,1,1,2,7,7,2,1,2,1
48,3831,5.0,4,1,1,1,1,1,2,4,1,1,1,1
55,3743,2.0,2,2,1,1,1,1,7,7,2,1,1,1
55,14,3.0,3,2,1,1,1,2,7,4,2,1,1,1
26,3930,5.0,3,1,1,1,1,2,7,7,2,1,1,1
15,3931,4.0,2,2,1,1,1,2,4,1,2,1,1,1
31,3693,3.0,3,2,1,1,1,-1,7,7,1,1,1,1
50,3932,5.0,3,3,1,1,1,5,2,1,3,1,2,2
61,212,5.0,3,2,1,1,1,2,2,7,1,1,1,1
48,3934,5.0,4,1,1,1,1,1,7,7,1,1,1,1
48,3935,3.0,3,1,1,1,1,1,7,7,1,1,1,1
127,3740,2.0,4,3,1,1,5,7,7,7,2,1,2,1
31,3936,5.0,3,3,1,1,2,2,2,4,2,1,1,2
43,2902,4.0,2,3,1,1,2,1,4,2,1,1,1,1
35,3938,5.0,3,3,1,1,5,1,2,2,3,1,2,1
28,156,4.0,3,3,1,1,2,1,2,2,2,1,1,1
21,3787,4.0,3,3,1,1,1,2,2,2,1,1,2,1
33,3787,4.0,3,3,1,1,1,2,2,1,1,1,1,1
161,47,4.0,3,2,4,2,2,2,2,4,1,1,1,1
161,3940,4.0,4,1,1,1,1,1,2,5,1,1,1,2
161,212,5.0,2,2,2,2,1,3,2,4,1,1,1,1
43,3941,3.0,3,3,1,2,1,2,1,7,1,1,1,1
61,3943,5.0,3,2,1,1,2,2,2,2,1,1,2,2
33,3945,1.0,2,2,1,1,1,1,5,7,2,2,2,1
35,3806,4.0,3,2,1,1,5,1,2,2,1,1,2,2
140,3926,5.0,3,2,1,1,1,2,2,2,1,1,1,1
157,3946,5.0,3,2,1,1,5,7,2,2,1,1,1,1
157,3947,2.0,3,1,1,1,1,2,7,7,1,1,2,1
31,3948,3.0,3,1,1,2,1,3,6,5,3,1,2,1
31,3949,5.0,1,2,1,1,1,1,2,2,1,1,1,1
26,3950,4.0,3,1,1,1,1,2,7,7,2,1,1,1
26,3713,4.0,3,2,1,1,1,2,7,7,2,1,1,1
26,3874,5.0,4,2,1,1,1,2,4,7,2,1,1,1
26,2903,5.0,3,1,1,1,1,2,2,7,1,1,1,1
55,3952,3.0,2,1,1,1,1,1,7,7,2,1,1,1
26,159,4.0,3,1,1,1,1,1,7,7,2,1,1,1
157,3953,3.0,3,2,1,1,5,1,1,7,1,1,1,2
55,3589,4.0,2,2,1,1,1,1,4,4,2,1,1,1
55,3590,5.0,4,2,1,1,1,1,2,4,2,1,1,1
55,3954,5.0,4,2,1,1,1,1,1,4,2,1,1,1
21,3874,4.0,2,2,1,1,1,1,2,1,2,1,1,1
50,3955,5.0,3,2,1,1,5,1,2,2,2,1,1,2
50,3955,4.0,4,2,1,1,5,3,7,7,1,1,2,2
50,3956,3.0,3,2,1,1,1,1,7,7,2,2,1,1
55,3958,4.0,2,1,1,1,1,2,4,4,2,1,1,1
25,2717,4.0,1,2,1,1,2,1,2,4,1,1,1,2
25,3748,2.0,2,2,1,1,1,1,1,5,1,1,1,1
25,3849,4.0,2,2,1,1,1,1,2,2,1,1,1,1
25,3959,3.0,2,1,1,1,1,1,2,2,1,1,1,1
15,191,3.0,3,2,1,1,5,2,6,6,1,1,1,1
50,3961,3.0,4,2,1,1,2,1,7,7,2,2,2,2
50,3957,3.0,4,2,1,1,2,1,7,7,2,2,2,1
15,192,4.0,3,2,1,1,2,2,2,2,1,1,1,1
157,3667,3.0,2,2,1,1,2,2,7,4,1,1,1,1
35,3962,4.0,3,2,1,1,2,1,2,2,2,1,1,1
26,3545,5.0,3,2,1,1,2,2,2,7,1,1,2,1
26,3963,3.0,4,2,1,1,2,1,7,7,2,1,1,2
55,3869,3.0,2,1,1,1,2,2,7,7,2,1,1,1
55,3865,3.0,2,1,1,1,2,2,4,7,2,1,2,1
55,3964,4.0,3,1,1,1,5,2,4,4,2,1,2,1
61,3630,4.0,3,1,1,1,1,2,7,7,2,2,1,1
15,3965,4.0,3,1,1,1,1,2,2,2,2,1,2,1
15,3966,4.0,4,1,1,1,1,2,2,2,1,1,2,1
31,3703,4.0,2,2,1,1,2,1,2,2,1,2,1,1
125,3787,5.0,4,2,1,1,3,1,2,2,1,2,1,1
26,3967,5.0,2,2,1,1,2,2,2,2,1,1,1,2
15,3969,5.0,3,1,1,1,1,2,2,2,1,1,1,2
26,3970,1.0,3,1,1,1,1,2,7,7,2,1,2,1
15,3971,5.0,2,1,1,1,1,2,2,2,1,1,1,2
60,3950,5.0,3,1,1,2,1,3,2,2,1,1,1,1
60,3972,4.0,2,1,1,2,1,2,2,2,1,1,1,1
31,3644,5.0,2,2,1,1,2,1,2,5,1,1,1,1
15,3973,5.0,4,2,1,1,2,2,2,2,1,1,1,2
15,1905,3.0,2,1,1,1,2,2,2,2,1,1,1,2
48,3974,5.0,4,2,1,1,1,1,1,7,1,1,1,1
26,8,5.0,4,2,1,1,1,2,7,7,2,1,2,2
167,3219,5.0,3,2,2,1,1,3,7,2,1,1,1,2
167,218,5.0,3,1,1,1,1,2,2,2,1,1,1,1
167,3977,5.0,3,1,1,1,1,2,2,3,1,1,1,1
167,212,5.0,3,1,1,2,1,3,2,3,1,1,1,1
15,3970,1.0,3,1,1,1,1,2,7,7,1,1,1,1
48,3978,4.0,4,1,1,1,1,1,7,7,1,1,1,1
48,3710,5.0,4,1,1,1,1,1,4,4,3,1,1,1
60,3979,3.0,4,1,1,2,3,3,2,2,1,1,1,1
28,157,1.0,3,2,1,1,5,1,2,2,3,1,1,1
171,3980,4.0,3,2,1,2,2,3,2,2,1,1,2,1
50,2661,4.0,2,2,1,1,5,1,4,2,2,1,1,1
50,3981,3.0,2,2,1,1,2,1,7,7,2,1,2,1
15,3964,4.0,3,2,1,1,5,2,2,2,1,1,2,2
50,3982,4.0,3,2,1,1,3,1,2,6,2,1,1,1
15,3952,4.0,2,1,1,1,2,2,7,7,2,1,2,1
48,3642,5.0,4,1,1,1,5,1,7,3,3,1,1,1
35,3032,5.0,3,1,1,1,5,1,2,2,1,1,2,2
48,3551,4.0,4,1,1,1,4,1,7,7,2,1,1,1
75,3984,5.0,3,2,1,1,1,1,2,4,1,1,1,1
75,2978,5.0,3,2,1,1,1,1,1,5,1,1,1,2
75,3985,5.0,2,2,1,1,1,1,2,5,1,1,1,1
75,3986,4.0,1,2,1,1,5,1,2,7,1,1,1,1
75,3987,5.0,1,2,1,1,5,1,1,3,1,1,1,1
75,3988,4.0,3,2,1,1,1,1,2,2,1,1,1,1
127,3899,3.0,3,1,1,1,2,7,7,7,2,1,2,1
35,3990,4.0,3,1,1,1,5,1,2,2,2,1,1,1
31,2248,4.0,2,2,1,1,1,1,2,2,1,1,1,2
15,3991,5.0,1,2,1,1,1,2,2,2,1,1,1,2
55,3992,5.0,3,2,1,2,1,2,2,2,2,1,1,1
31,3993,3.0,1,2,1,1,1,1,7,7,1,1,2,2
60,13,2.0,2,2,1,1,1,2,7,7,1,1,1,1
21,3994,4.0,4,1,1,1,1,2,2,2,1,1,2,2
33,3995,4.0,3,2,1,1,2,1,7,1,2,1,2,1
50,3997,4.0,3,1,1,1,2,1,1,4,3,1,1,1
15,15,5.0,3,1,1,1,1,2,2,2,2,1,1,2
15,3005,3.0,3,1,1,1,1,2,6,6,1,1,1,1
59,3998,4.0,3,1,1,1,1,1,2,2,1,1,1,1
31,3926,5.0,3,2,1,1,1,1,2,2,1,2,1,1
55,3950,3.0,2,1,1,1,1,1,5,7,2,1,1,1
61,3998,4.0,3,3,1,1,5,2,2,2,1,1,1,1
26,4001,2.0,2,2,2,1,1,2,7,7,2,1,2,1
55,4002,4.0,2,1,1,1,5,2,5,7,2,1,1,1
31,3728,4.0,2,1,2,1,1,1,2,7,1,1,1,1
61,3617,3.0,3,3,2,1,1,7,2,7,2,1,2,2
127,4003,5.0,3,3,2,1,1,7,4,4,1,1,1,1
55,4004,4.0,2,1,2,1,5,1,7,4,2,1,1,1
31,4005,3.0,2,1,2,1,2,1,2,2,1,1,1,1
127,3656,5.0,3,3,2,1,5,7,2,4,2,1,2,1
55,4006,3.0,2,1,2,1,1,2,6,7,2,1,1,1
60,4008,3.0,2,1,2,1,1,1,2,1,1,1,1,1
60,3691,4.0,4,2,2,1,1,2,2,2,1,1,1,1
60,3770,2.0,4,2,2,1,2,2,7,7,2,1,1,1
33,4007,4.0,3,2,2,2,2,2,2,2,1,1,1,1
21,4009,4.0,4,2,2,1,1,1,7,5,1,1,2,2
59,4010,3.0,3,1,2,1,1,1,7,7,3,1,1,1
55,3918,4.0,2,1,2,1,1,1,7,2,2,1,1,2
55,4011,2.0,1,2,2,1,5,1,7,7,2,1,1,1
55,226,3.0,3,2,2,1,1,1,7,7,2,1,1,2
55,4012,4.0,2,2,2,1,5,1,2,2,2,1,1,2
55,4014,3.0,4,2,2,1,1,2,7,5,2,1,1,1
61,131,4.0,4,3,2,1,5,1,7,7,1,1,2,1
21,3961,4.0,3,1,2,1,1,1,7,3,1,1,2,1
15,2986,3.0,3,3,1,1,1,2,2,2,3,1,2,1
15,4015,2.0,1,2,1,1,1,2,2,2,2,1,1,1
15,4016,5.0,3,1,2,1,1,2,2,2,2,1,1,1
15,2646,4.0,2,1,2,1,1,2,2,2,2,1,1,1
15,3999,4.0,3,2,2,1,1,2,2,2,1,1,1,1
21,4017,4.0,4,2,2,1,1,2,7,3,1,1,2,1
35,1983,5.0,3,1,2,1,1,1,2,2,2,1,2,2
50,4018,4.0,2,2,2,1,1,1,4,7,1,1,1,1
15,3958,3.0,2,1,2,1,1,1,7,7,2,1,1,1
15,3810,5.0,3,1,2,1,1,2,2,2,2,1,1,2
15,3992,5.0,2,1,2,1,1,2,2,2,1,1,1,1
15,4019,2.0,3,1,2,1,1,2,7,7,2,1,1,1
35,4020,5.0,4,2,2,1,2,1,2,2,1,1,2,2
15,4021,3.0,2,1,2,1,5,2,7,7,2,1,1,1
50,4022,4.0,2,2,2,1,2,1,2,1,2,1,1,1
43,4023,5.0,3,1,2,2,1,3,2,2,2,1,1,1
35,4025,5.0,3,1,2,1,1,1,2,2,1,1,2,1
15,4026,3.0,3,2,2,1,1,2,7,7,1,1,2,1
15,4027,4.0,3,2,2,1,1,2,7,7,2,1,2,1
15,4028,3.0,3,3,1,1,1,2,7,7,2,1,2,1
50,4029,4.0,3,2,2,1,1,1,4,2,1,1,1,2
24,4030,5.0,4,2,2,1,1,-1,2,1,1,1,1,2
24,4031,4.0,3,2,2,1,1,1,2,2,1,1,1,2
21,4032,4.0,4,1,2,1,5,2,7,7,1,1,1,1
55,4033,5.0,3,2,1,2,1,2,1,2,2,1,1,1
55,4034,5.0,4,2,1,1,1,1,2,2,2,1,1,2
55,3029,4.0,4,2,2,1,1,2,5,4,2,1,1,1
55,4035,3.0,4,2,2,1,1,2,4,7,2,1,2,1
60,4036,4.0,3,1,2,2,1,3,7,7,2,1,1,1
60,56,3.0,3,1,2,1,1,1,2,2,1,1,1,1
15,4003,5.0,3,1,2,1,1,2,7,7,2,1,1,1
15,4037,5.0,4,1,2,1,1,2,4,4,2,1,2,1
21,4038,3.0,3,1,2,1,1,2,7,4,1,1,2,1
24,4039,4.0,3,1,2,1,1,1,2,1,1,1,1,2
60,4040,3.0,2,2,2,1,1,1,2,2,1,1,1,1
60,3735,5.0,2,2,2,1,1,1,2,2,1,1,1,1
60,3735,5.0,2,2,2,1,1,1,2,2,1,1,1,1
60,3610,5.0,2,2,2,1,1,1,2,2,1,1,1,1
33,4042,2.0,3,1,2,1,1,2,7,7,2,1,2,1
33,4032,4.0,3,1,2,1,1,2,7,4,1,1,1,1
33,4044,3.0,2,1,2,1,1,1,7,7,2,1,2,1
21,4045,5.0,3,3,2,1,1,1,5,7,1,1,1,2
21,4042,2.0,4,1,2,1,1,2,7,7,1,1,2,1
31,4046,4.0,3,2,2,1,1,1,2,2,1,1,1,2
31,4047,3.0,4,2,2,1,1,1,7,6,1,1,1,2
31,230,5.0,3,2,2,1,1,1,2,2,1,1,1,2
31,3646,5.0,3,2,1,1,1,1,2,2,1,1,1,2
21,73,4.0,3,2,2,1,1,2,2,2,1,1,1,1
21,4048,4.0,4,2,2,1,1,2,2,2,1,1,1,1
61,4049,5.0,4,3,2,1,1,2,2,2,1,1,1,1
35,4003,5.0,4,3,2,1,1,1,2,2,1,1,1,1
15,4050,5.0,2,1,2,1,1,2,2,2,2,1,2,1
31,4051,4.0,2,2,2,1,1,1,4,1,1,1,1,1
31,2835,3.0,3,2,2,1,3,1,7,7,1,1,1,2
31,2540,4.0,4,2,2,1,3,1,2,2,1,1,1,2
43,173,5.0,2,2,2,2,1,2,2,2,1,1,1,1
21,108,3.0,3,2,2,1,1,1,2,4,1,1,2,1
26,3980,5.0,3,1,2,1,1,2,7,7,2,1,2,1
33,4052,4.0,3,1,2,1,1,1,2,4,1,1,2,1
61,4053,4.0,3,2,2,1,2,2,2,7,1,1,2,1
21,3937,4.0,2,2,2,1,1,1,2,5,1,1,1,1
35,4054,5.0,4,3,2,1,5,1,2,2,2,1,1,1
15,4055,4.0,2,1,2,1,2,2,4,4,2,1,1,1
15,4056,5.0,3,1,2,1,2,1,2,2,1,1,1,2
125,3611,5.0,1,1,2,1,1,1,2,2,1,2,1,1
125,4053,4.0,4,1,2,1,3,2,2,2,1,1,2,1
31,4057,3.0,3,2,2,1,2,1,2,2,1,1,1,1
125,4054,4.0,4,1,2,1,1,1,2,2,1,2,1,1
31,3725,4.0,4,2,2,1,1,1,2,2,1,1,1,1
15,4061,5.0,2,2,2,1,1,2,2,2,1,1,2,1
61,4060,4.0,3,2,2,1,1,2,7,2,1,1,1,1
125,4060,3.0,4,2,2,3,1,2,2,2,1,1,1,1
125,3926,3.0,4,1,2,1,1,1,2,2,1,1,1,1
26,3909,3.0,3,1,2,1,1,1,7,7,2,1,1,1
48,4062,3.0,4,1,1,1,1,3,7,7,2,1,1,1
26,3992,3.0,3,2,2,1,1,2,7,7,2,1,1,1
31,4063,4.0,3,2,2,1,1,1,2,2,1,1,1,1
21,84,3.0,4,2,2,3,1,2,7,1,1,1,2,1
31,40,4.0,3,2,2,1,1,1,2,2,1,1,1,2
35,3992,5.0,2,1,2,1,1,7,2,2,2,2,1,1
21,4064,2.0,4,1,2,1,5,2,7,2,1,1,2,1
26,4065,3.0,3,1,2,1,2,2,7,7,2,1,2,2
26,3797,4.0,3,1,2,1,1,2,7,7,2,1,-1,2
61,4066,4.0,3,1,2,2,1,2,2,2,1,1,1,1
125,4066,4.0,4,1,2,2,1,2,2,2,1,1,1,1
33,4064,2.0,4,1,3,1,1,2,7,7,2,2,1,1
125,4074,3.0,2,1,2,1,1,1,7,7,2,1,1,1
33,84,4.0,3,2,2,1,1,2,5,1,1,1,1,1
33,4067,2.0,4,2,3,1,1,1,7,7,2,2,2,1
31,4068,5.0,3,2,3,1,1,1,4,4,1,1,1,1
21,4069,4.0,4,2,3,1,1,1,7,5,2,1,2,2
60,4070,5.0,3,1,3,2,1,3,2,2,1,1,1,1
60,4071,3.0,4,1,3,2,1,3,7,7,2,1,1,1
125,4072,1.0,2,1,3,1,1,1,6,7,3,1,1,1
31,4073,4.0,3,2,3,1,1,1,2,4,1,1,1,1
35,3664,5.0,2,1,2,1,1,1,2,2,1,1,1,2
125,3713,5.0,4,1,3,3,1,2,2,4,1,1,1,1
61,3713,4.0,3,1,3,1,1,2,7,7,1,1,1,1
26,3443,4.0,3,1,3,1,1,2,7,7,2,1,2,1
26,3832,5.0,3,1,3,1,1,2,7,7,1,1,2,2
21,4075,4.0,4,1,3,1,5,1,7,4,2,2,2,1
15,4004,5.0,3,1,2,1,1,2,2,2,1,1,1,1
157,3743,3.0,3,2,3,1,1,2,2,7,1,2,1,1
157,4076,3.0,3,2,3,1,1,2,7,7,1,2,1,2
61,4077,4.0,3,2,3,1,1,1,7,7,1,1,1,2
21,4078,2.0,3,2,3,1,1,2,7,7,1,1,2,1
31,4080,1.0,3,2,3,1,1,1,7,7,2,1,1,1
21,4081,3.0,2,2,3,1,1,1,7,4,2,1,1,1
21,4003,4.0,3,2,3,1,1,1,2,4,2,1,1,1
26,4082,1.0,3,1,3,1,5,2,7,7,1,1,2,1
26,3964,1.0,4,2,3,1,5,2,7,6,1,1,2,1
31,4083,4.0,3,2,3,1,1,1,2,2,1,2,1,1
48,4084,5.0,3,3,3,3,1,3,7,1,3,1,2,1
61,3950,3.0,3,2,3,1,5,2,7,7,1,1,1,1
125,3950,3.0,4,2,3,3,5,2,7,7,1,2,2,1
15,4085,4.0,2,1,3,1,1,1,2,2,1,1,1,1
15,4086,3.0,3,1,2,1,1,2,7,7,2,1,1,1
15,4066,3.0,2,1,3,1,1,2,7,7,2,1,2,1
31,2619,3.0,3,1,3,1,1,1,2,7,1,1,1,2
125,4087,5.0,3,1,3,2,2,2,2,2,1,1,1,1
60,61,3.0,3,2,3,1,2,2,7,7,2,1,1,1
31,4089,3.0,4,2,3,1,2,1,7,7,1,1,1,2
125,4090,4.0,3,2,3,2,5,3,7,7,1,1,1,1
48,4081,5.0,3,1,3,3,5,3,7,7,1,1,2,-1
55,4091,3.0,4,2,3,1,2,2,7,7,2,1,2,1
55,4092,4.0,4,2,3,1,2,2,4,7,2,1,2,1
15,248,5.0,3,1,3,1,2,2,7,7,2,1,2,1
15,249,5.0,3,1,3,1,2,2,7,7,2,1,2,1
15,250,5.0,1,2,3,1,1,2,7,7,2,2,2,1
33,4098,2.0,3,3,3,-1,1,2,7,2,1,1,1,1
26,3032,5.0,4,1,3,1,2,2,7,2,1,1,2,2
55,4093,2.0,4,2,3,1,5,2,6,7,2,1,2,1
55,3979,3.0,4,2,3,1,5,2,2,7,2,1,1,1
55,4094,3.0,4,2,3,1,5,2,4,7,2,1,2,1
31,4095,5.0,3,2,3,1,2,1,2,2,1,1,1,1
31,4096,1.0,4,2,3,1,2,1,7,7,1,1,1,1
125,4097,5.0,4,2,3,3,5,2,2,2,1,1,1,1
21,4098,3.0,4,3,3,2,5,2,2,7,2,1,1,1
61,4097,4.0,4,2,3,1,5,2,7,2,1,1,1,1
26,4081,5.0,3,1,3,1,5,2,7,7,2,1,2,1
26,4098,5.0,3,2,3,1,5,2,2,7,2,1,1,1
33,94,5.0,4,3,3,3,1,2,2,1,2,1,1,1
33,4099,3.0,3,3,3,2,1,6,7,7,1,1,2,1
48,4100,3.0,3,1,3,1,1,3,1,7,1,1,1,1
15,4101,5.0,3,2,3,1,1,2,2,2,2,-1,2,1
15,2679,4.0,2,1,3,1,5,2,7,7,2,1,1,1
15,4054,3.0,3,2,3,1,1,2,2,2,2,1,2,1
31,4102,3.0,2,2,3,1,5,1,7,7,1,1,1,1
125,4070,5.0,4,2,3,1,1,1,2,2,1,1,1,1
26,3922,5.0,3,1,3,1,5,2,1,7,1,1,2,2
26,2725,5.0,3,2,3,1,2,1,4,4,2,1,1,2
31,3737,4.0,4,2,3,1,5,1,1,5,1,1,1,2
55,3966,3.0,4,2,3,1,5,2,2,7,2,1,2,1
55,3312,3.0,4,2,3,1,5,2,7,7,2,1,1,1
55,4032,3.0,4,2,3,1,5,2,7,7,2,1,1,1
55,4057,3.0,4,2,3,1,2,2,7,2,2,1,1,2
26,4087,4.0,3,1,3,1,1,2,7,7,1,1,1,1
55,4104,3.0,4,2,3,1,5,2,7,7,2,1,1,1
21,220,4.0,4,1,3,1,5,1,2,2,1,1,2,2
15,2725,2.0,2,1,3,1,-1,1,7,7,2,2,1,1
15,3869,2.0,3,2,2,1,1,1,7,7,2,1,1,1
55,4086,3.0,4,2,3,-1,5,2,7,4,2,1,1,1
55,4107,2.0,4,2,3,1,1,1,7,7,2,1,1,1
55,4054,3.0,4,2,3,1,5,1,7,7,2,1,1,1
55,99,3.0,3,2,3,1,5,1,7,7,2,1,1,1
55,4108,4.0,4,2,3,1,5,1,7,4,2,1,1,1
75,4109,4.0,-1,1,3,1,5,1,2,5,2,1,1,1
75,4110,4.0,2,2,3,1,1,1,2,4,1,1,1,1
75,4111,5.0,3,2,3,1,5,1,2,3,1,1,1,1
75,3242,4.0,2,2,3,1,1,1,2,2,1,1,1,2
75,4113,5.0,2,1,3,1,5,1,1,3,3,1,1,1
75,3737,5.0,3,2,3,1,5,1,1,5,1,1,1,1
21,4114,4.0,4,1,3,1,5,2,4,3,1,1,2,1
188,3753,5.0,3,1,3,1,5,1,4,7,2,1,1,1
75,4115,5.0,2,1,3,1,5,1,2,3,1,1,1,1
75,4116,2.0,3,2,3,1,5,1,7,7,1,1,1,1
75,2668,5.0,1,2,3,1,5,1,3,3,1,1,1,1
188,3622,5.0,1,2,3,1,5,1,7,7,2,1,1,1
191,2116,4.0,2,3,2,3,2,3,2,4,2,1,2,2
191,4118,5.0,3,1,3,1,5,5,2,7,1,1,1,1
191,4119,5.0,3,1,3,2,1,3,4,1,1,1,1,1
191,3769,4.0,-1,-1,-1,-1,-1,1,7,7,2,-1,1,1
191,3704,4.0,-1,-1,-1,-1,-1,1,1,1,2,-1,1,1
191,4112,3.0,-1,-1,2,1,-1,1,2,7,2,1,1,1
190,3726,4.0,3,2,-1,2,-1,3,2,2,2,1,1,1
190,78,4.0,4,2,4,1,-1,1,2,7,1,1,2,2
190,230,5.0,-1,-1,-1,-1,-1,-1,7,7,2,-1,-1,-1
190,149,4.0,3,-1,-1,-1,-1,-1,7,7,2,-1,-1,-1
190,3737,5.0,-1,-1,-1,-1,-1,-1,2,2,2,-1,-1,-1
188,2011,4.0,2,1,3,2,1,1,7,7,2,1,1,1
188,4086,2.0,3,1,2,2,1,3,7,7,2,1,2,1
190,244,4.0,-1,-1,-1,-1,-1,-1,7,7,2,-1,-1,-1
190,212,4.0,3,2,4,2,5,3,2,2,1,1,1,1
190,3660,4.0,1,2,4,1,5,1,2,2,1,1,1,1
193,3970,3.0,3,1,3,1,1,1,7,7,2,1,2,1
193,4121,5.0,3,1,3,1,1,1,2,2,2,1,2,1
193,3962,4.0,3,1,3,1,1,1,7,7,2,1,2,1
193,3869,5.0,1,1,3,1,1,1,7,7,2,1,2,1
55,4160,4.0,4,3,4,1,2,2,2,4,2,1,1,1
193,248,5.0,3,1,3,1,1,1,7,7,2,-1,2,1
193,249,5.0,3,1,3,1,1,1,7,7,2,-1,2,1
193,4122,5.0,3,2,3,1,1,1,7,7,2,1,2,1
193,4071,2.0,3,1,3,1,1,2,7,7,2,1,2,1
193,3996,2.0,3,1,3,1,1,2,7,7,2,1,2,1
193,47,3.0,-1,-1,-1,-1,-1,-1,7,7,2,-1,-1,-1
193,247,4.0,3,1,3,1,1,1,7,7,2,-1,2,1
193,4123,1.0,3,1,3,2,1,2,7,7,2,1,2,1
193,4092,4.0,3,1,3,1,1,1,7,7,2,1,2,1
193,4124,1.0,3,2,3,1,1,1,7,7,2,1,2,1
193,3649,4.0,3,1,3,1,1,2,7,7,2,1,2,1
193,4006,1.0,3,1,3,1,1,1,7,7,2,1,2,1
193,4066,3.0,-1,2,3,1,1,2,7,7,2,1,2,1
26,2460,4.0,2,2,3,1,5,1,7,7,2,2,-1,2
188,91,3.0,3,2,3,1,5,1,7,7,2,1,1,1
193,244,5.0,3,2,3,1,1,1,7,7,2,1,2,1
193,4126,5.0,3,1,3,1,1,5,7,7,2,1,2,1
26,4127,1.0,3,1,3,1,5,2,7,7,3,2,2,1
26,4033,4.0,3,1,3,1,5,2,7,7,3,2,-1,1
15,4070,4.0,2,2,3,1,1,2,2,2,1,1,2,1
197,4129,5.0,2,2,2,1,1,7,4,7,2,1,1,1
197,3775,5.0,-1,-1,-1,-1,-1,-1,7,7,2,-1,-1,-1
55,4130,4.0,4,2,3,1,5,1,2,4,2,1,1,1
55,4132,3.0,3,2,3,1,2,2,7,4,2,1,1,1
193,115,5.0,3,1,3,1,5,2,7,7,2,1,2,1
196,4133,4.0,2,2,3,1,1,7,2,2,1,1,1,1
196,4134,2.0,3,3,1,1,1,1,7,7,2,1,2,2
196,172,5.0,2,1,2,2,5,6,2,4,1,1,1,1
196,3689,5.0,3,1,4,2,5,6,2,4,1,1,1,1
196,212,5.0,3,2,3,2,5,6,2,2,1,1,1,1
196,47,5.0,4,3,1,1,5,2,4,4,1,1,1,1
199,2120,5.0,3,2,1,1,2,1,7,3,2,1,2,1
199,3032,5.0,3,2,3,1,1,1,2,7,2,1,2,2
31,4135,4.0,3,1,3,1,5,1,2,7,1,1,1,1
200,47,5.0,3,2,3,1,2,1,7,4,2,1,1,1
200,3980,4.0,2,1,3,1,1,1,2,4,1,1,1,1
200,4057,5.0,4,2,2,3,1,3,7,7,1,1,2,1
200,4136,2.0,2,1,2,1,1,1,7,4,3,1,1,1
193,4137,4.0,4,2,3,1,5,2,7,7,3,1,2,1
193,2509,5.0,4,1,3,1,1,2,7,7,2,1,2,1
24,4139,4.0,4,2,3,1,5,1,7,7,1,1,1,1
26,4138,4.0,3,2,3,1,5,2,7,7,2,1,-1,1
201,4140,5.0,3,2,3,1,2,1,1,1,3,1,1,2
201,4141,5.0,2,1,4,1,4,1,1,2,2,1,1,2
201,3224,5.0,3,2,3,1,1,2,7,7,2,1,1,1
201,3748,4.0,4,2,3,3,1,4,4,4,2,1,2,1
201,4043,4.0,2,1,1,3,1,3,7,7,2,1,2,1
196,164,4.0,4,-1,-1,-1,-1,-1,2,4,1,-1,2,1
24,4143,4.0,3,1,3,1,1,1,7,7,1,1,1,1
196,202,3.0,3,1,2,1,-1,-1,6,4,2,-1,1,1
26,4144,4.0,3,1,3,1,5,2,7,7,2,1,2,1
15,4036,1.0,3,1,3,1,5,2,7,7,2,1,1,1
193,4107,5.0,4,1,3,1,5,2,7,7,1,1,2,1
15,4146,1.0,3,2,3,1,2,2,7,7,2,1,1,1
193,4145,4.0,4,2,3,1,1,1,7,7,2,1,2,1
202,4032,4.0,3,2,3,1,5,1,2,5,3,1,1,1
21,4148,3.0,4,1,3,1,5,2,7,7,2,1,2,1
33,4148,3.0,4,1,4,1,1,2,4,4,1,1,2,1
15,4138,3.0,3,1,3,1,5,2,7,7,2,1,1,1
15,3661,5.0,3,2,2,1,1,1,7,7,2,-1,1,2
157,4149,5.0,3,1,3,1,5,1,2,4,2,1,2,1
31,4150,3.0,3,1,3,1,5,1,2,7,1,2,1,1
209,130,5.0,3,3,-1,-1,-1,-1,7,7,2,-1,-1,-1
213,47,5.0,4,1,3,1,1,1,4,7,1,1,1,2
190,4153,4.0,1,2,3,1,5,1,2,2,1,1,1,1
190,4087,4.0,3,1,3,2,2,3,2,2,1,1,1,1
214,3980,4.0,4,2,4,1,-1,2,2,2,1,1,1,1
220,3983,5.0,4,2,4,3,5,4,2,2,2,1,1,1
31,4103,5.0,2,2,3,1,5,1,2,2,1,1,1,1
26,4155,1.0,3,2,3,1,5,2,7,7,2,1,1,1
26,4156,4.0,2,2,3,1,5,1,7,1,2,1,1,1
221,4132,4.0,3,1,3,1,1,1,7,7,1,1,1,1
202,4157,2.0,4,1,3,1,2,3,2,1,3,1,1,2
26,4159,4.0,3,1,3,1,2,2,7,7,2,1,1,1
21,3522,4.0,3,1,3,1,5,2,2,2,2,1,2,1
31,4161,4.0,2,2,3,1,5,1,2,7,2,2,1,1
15,4087,3.0,1,2,3,1,1,2,7,7,1,1,2,1
31,4070,5.0,2,2,3,1,1,1,2,2,3,1,1,1
21,4119,4.0,4,2,3,1,5,2,7,7,1,1,1,1
15,4162,4.0,3,1,3,1,4,2,2,2,1,1,2,1
61,4006,3.0,3,1,4,1,5,2,2,7,2,1,1,1
31,3766,4.0,3,2,4,1,1,1,2,2,1,1,1,2
125,4163,5.0,4,3,4,1,1,1,2,1,1,1,1,1
61,4164,4.0,2,3,4,1,5,7,2,7,2,1,2,2
61,3642,4.0,4,3,4,1,5,1,7,7,2,1,1,1
26,4166,4.0,3,1,4,1,5,2,7,7,2,1,1,1
225,4054,5.0,3,2,2,1,-1,1,2,2,1,1,1,1
125,4165,5.0,4,3,4,1,1,1,2,2,1,1,1,2
31,4167,4.0,3,1,4,1,5,1,1,7,1,1,1,1
31,4168,2.0,3,1,4,1,2,1,7,7,3,1,1,1
31,4169,4.0,2,2,4,1,2,1,2,2,3,2,1,1
31,108,3.0,3,2,4,1,2,1,2,2,2,2,1,1
31,4170,3.0,3,2,4,1,5,1,2,7,2,2,1,1
190,4171,5.0,2,3,4,3,-1,3,2,2,1,1,1,1
31,4172,3.0,3,3,4,1,5,1,6,6,2,2,1,2
125,4132,2.0,4,1,4,3,1,2,7,7,2,1,2,1
21,3623,3.0,3,2,4,1,5,2,7,7,1,1,2,1
26,3984,5.0,3,3,4,1,5,2,7,7,2,1,1,2
26,4147,3.0,3,3,4,1,5,2,7,7,2,1,1,1
125,4151,5.0,3,1,4,1,5,1,2,2,1,2,1,1
228,4173,5.0,4,1,4,1,1,1,2,2,1,1,1,1
61,4174,5.0,3,1,4,1,5,2,2,1,1,1,2,1
55,4175,2.0,4,2,4,1,5,1,7,7,2,1,1,1
125,4174,5.0,3,1,4,3,5,2,2,1,1,2,1,1
33,4176,4.0,2,3,4,3,1,3,2,2,1,1,2,1
33,4110,3.0,3,2,4,1,5,2,7,7,1,1,2,2
33,4177,4.0,3,3,4,3,1,3,4,3,1,1,1,1
31,4087,3.0,3,3,4,1,1,1,7,2,3,2,1,1
48,3899,5.0,3,1,4,3,1,3,7,7,1,1,2,1
31,4179,3.0,3,2,4,1,1,1,6,5,3,2,1,2
202,4180,4.0,4,3,4,3,1,3,7,4,2,1,1,1
202,4181,4.0,2,2,4,1,1,1,4,4,2,1,1,1
61,115,4.0,3,2,4,1,5,2,7,7,1,1,1,1
54,2490,5.0,2,2,4,1,1,2,2,2,1,1,1,1
127,4182,5.0,3,2,4,1,1,1,1,1,2,2,1,1
127,3642,5.0,4,3,1,1,1,3,7,3,2,2,2,1
21,3642,4.0,4,2,4,1,1,2,2,3,2,1,1,1
26,3029,2.0,-1,1,4,1,5,2,7,7,2,1,1,1
35,4183,4.0,2,1,4,1,1,1,4,1,2,1,1,1
230,3032,5.0,3,2,3,1,2,1,2,7,1,1,1,1
125,115,2.0,4,2,4,3,5,2,7,6,3,1,2,1
239,4184,4.0,4,1,4,1,5,1,7,7,2,2,1,1
239,2996,5.0,4,1,4,1,1,1,2,2,2,2,1,2
61,4185,5.0,3,1,4,2,1,2,2,2,1,1,1,1
193,16,3.0,2,1,4,1,1,1,7,7,2,1,2,1
193,3544,4.0,4,3,4,1,2,-1,7,7,2,1,2,1
193,4186,5.0,4,2,4,1,1,-1,7,7,2,1,2,1
193,2509,5.0,3,2,4,1,1,1,7,7,2,1,2,1
193,2347,4.0,4,2,-1,1,2,1,7,7,2,2,2,1
193,3525,5.0,4,1,4,1,1,-1,7,7,2,1,2,1
61,4187,4.0,3,2,4,1,5,2,2,7,1,1,1,1
55,4151,2.0,3,2,4,1,5,1,7,7,2,1,1,1
55,4147,3.0,2,1,4,1,1,1,2,7,2,1,1,1
55,4189,2.0,1,1,4,1,1,1,7,7,2,1,1,1
125,4187,3.0,4,2,4,3,1,2,7,7,2,1,2,1
193,4190,5.0,4,2,4,1,1,1,7,7,2,1,2,1
193,4191,5.0,4,1,4,1,1,1,7,7,2,1,2,1
193,13,4.0,4,2,4,1,1,1,7,7,2,1,2,1
193,4192,4.0,3,2,4,1,1,1,7,7,2,1,2,1
193,3746,1.0,-1,-1,-1,-1,-1,-1,7,7,2,-1,-1,-1
15,3925,3.0,3,1,4,1,1,2,7,7,1,1,2,1
15,4173,5.0,3,1,4,1,1,2,7,7,1,1,1,1
15,4071,5.0,3,1,4,1,1,2,2,2,1,1,2,1
21,85,5.0,3,1,3,1,1,1,2,4,1,1,2,2
241,4177,4.0,4,1,4,1,1,1,3,6,2,1,2,1
241,4194,4.0,3,1,4,1,1,1,7,7,2,1,2,1
241,4192,5.0,3,2,4,1,1,7,7,7,2,1,2,1
241,2759,5.0,3,1,4,1,1,1,7,7,2,1,2,1
241,3926,3.0,3,1,4,1,5,1,2,2,2,1,1,1
241,3926,5.0,3,1,4,1,1,1,2,2,2,1,1,1
33,4196,3.0,3,1,4,1,1,2,7,7,3,1,1,1
241,1886,1.0,3,1,4,1,1,2,7,7,2,1,2,1
241,157,2.0,4,1,4,1,1,1,7,7,2,1,2,1
241,3032,2.0,3,1,4,1,1,2,7,7,2,1,1,1
243,4092,3.0,4,1,4,1,5,1,7,2,1,1,1,1
243,4091,2.0,4,1,4,1,1,1,7,7,2,1,1,1
243,1,3.0,2,1,4,1,-1,1,7,7,1,1,1,1
50,3772,4.0,4,1,4,1,5,2,4,1,2,1,1,1
21,4232,4.0,4,1,4,1,5,2,1,2,1,1,2,1
15,4199,5.0,3,1,4,1,1,2,7,7,1,1,1,2
26,4200,5.0,3,1,4,1,5,1,7,7,2,1,1,1
241,225,2.0,-1,-1,-1,-1,-1,-1,7,7,2,-1,-1,-1
55,175,3.0,3,2,4,1,1,2,7,4,2,1,1,1
127,4202,4.0,3,2,4,1,1,5,7,7,2,1,1,1
25,4203,3.0,3,1,4,1,5,2,2,2,1,1,1,1
25,4204,4.0,3,1,4,1,5,2,2,4,1,1,1,1
25,4205,2.0,1,2,4,1,1,2,2,5,1,1,1,1
25,4206,2.0,2,2,4,1,5,2,5,5,1,2,1,1
25,4207,4.0,1,2,4,1,1,2,3,4,1,2,1,1
25,4208,3.0,2,2,4,1,5,2,4,4,1,1,1,1
25,4209,3.0,4,2,4,1,5,1,2,2,1,2,1,1
25,4211,5.0,4,1,3,1,2,2,2,4,1,1,1,1
25,3990,4.0,1,2,-1,1,1,1,2,2,1,1,1,1
50,4212,4.0,2,2,4,1,4,2,2,2,1,1,1,2
125,4197,4.0,3,2,4,1,4,1,7,7,2,1,1,1
241,3692,2.0,-1,-1,-1,-1,-1,-1,7,7,2,-1,-1,-1
241,4160,2.0,-1,-1,-1,-1,-1,-1,7,7,2,-1,-1,-1
241,4213,5.0,4,2,4,1,4,-1,2,7,2,1,1,2
241,4214,2.0,-1,-1,-1,-1,-1,-1,7,7,2,-1,-1,-1
202,4076,3.0,4,1,4,1,1,3,7,7,1,1,1,2
202,4216,5.0,3,1,4,1,1,1,2,4,1,1,1,1
202,4217,4.0,2,2,4,1,5,1,4,4,2,1,1,1
50,4218,4.0,3,1,4,1,5,1,4,1,2,1,1,1
202,3750,5.0,3,3,4,1,1,1,2,4,2,1,2,1
202,4219,4.0,2,3,4,1,5,1,2,7,3,1,1,1
202,51,5.0,3,3,4,3,5,3,2,5,1,1,1,2
202,4220,1.0,3,3,4,1,5,3,6,6,1,1,1,2
202,4221,5.0,3,3,4,3,5,3,2,2,1,1,1,1
25,4070,3.0,2,1,4,1,4,1,3,2,3,1,1,1
25,4036,4.0,2,1,4,1,4,1,2,4,3,1,1,1
15,3312,4.0,3,2,4,1,4,2,2,2,1,1,2,1
59,4223,3.0,3,2,4,1,4,7,7,7,3,1,1,2
21,4036,3.0,2,2,4,1,1,1,7,5,2,1,1,1
25,4142,4.0,1,2,4,1,1,1,2,4,1,1,1,1
61,3983,4.0,2,2,4,1,4,1,7,2,1,1,1,1
25,1938,3.0,3,2,4,1,5,2,2,2,1,1,1,1
55,4098,3.0,2,2,4,1,5,1,4,2,2,1,1,1
55,4225,2.0,2,2,4,1,5,2,7,7,2,1,1,1
55,4226,3.0,4,2,4,1,5,1,4,7,2,1,1,2
55,4227,2.0,3,2,4,1,1,1,7,7,2,1,1,1
55,4197,2.0,4,2,4,1,5,1,7,7,2,1,1,1
55,3998,3.0,2,2,4,1,1,1,4,4,2,1,1,1
25,4034,4.0,3,2,4,1,4,1,1,2,1,1,1,2
50,4230,4.0,3,1,4,2,4,2,2,4,2,1,1,1
61,3943,5.0,3,1,4,1,4,5,2,2,1,1,2,2
202,2464,5.0,2,2,4,1,3,7,2,7,1,1,1,2
202,4231,1.0,2,2,4,1,3,1,7,7,1,1,1,1
244,4164,4.0,4,2,3,1,5,1,2,2,1,1,1,1
244,4235,4.0,4,1,2,1,1,7,7,2,1,1,1,1
15,4236,5.0,3,3,4,1,1,2,2,2,1,1,2,1
202,4091,4.0,2,3,4,1,1,1,7,7,2,1,1,1
31,198,2.0,3,1,4,1,4,1,7,7,2,1,1,1
202,4100,2.0,3,2,4,1,5,1,7,7,2,1,1,1
157,4103,2.0,3,1,4,1,5,2,7,7,1,1,1,1
15,4237,4.0,2,2,4,1,4,2,2,2,1,1,1,1
50,2036,4.0,3,2,4,1,4,2,7,2,2,1,1,1
61,4239,4.0,3,2,4,1,4,5,7,7,1,1,2,2
15,4007,4.0,3,2,4,1,4,2,2,2,1,1,1,2
202,3376,5.0,4,3,4,1,1,1,2,1,3,2,1,1
193,4240,4.0,4,1,4,1,1,1,1,1,1,1,2,1
193,4126,5.0,3,1,2,1,1,1,7,7,2,1,2,1
193,4242,5.0,3,2,4,1,1,5,7,7,2,1,2,1
33,4232,5.0,3,1,4,1,5,2,2,1,1,1,1,1
75,4150,4.0,3,1,3,1,5,1,2,7,1,1,1,1
75,4043,5.0,2,1,3,1,1,1,2,1,1,1,1,1
61,4244,4.0,3,1,4,1,4,2,2,2,1,1,1,1
55,4245,2.0,3,2,4,1,5,1,7,7,2,1,1,1
55,4246,4.0,2,2,4,1,4,1,2,7,2,1,1,1
55,4145,4.0,3,2,4,1,5,2,2,7,2,1,1,1
55,4202,3.0,4,2,4,1,4,1,7,4,2,1,1,1
55,4247,3.0,3,2,4,1,5,2,4,7,2,1,1,1
48,4177,5.0,3,1,4,1,1,3,1,7,1,1,1,1
241,231,3.0,1,1,4,1,1,1,7,7,2,1,1,1
35,4249,4.0,2,1,4,1,1,1,4,4,3,1,1,1
125,4244,3.0,4,1,4,3,4,2,2,2,1,1,1,1
50,3025,4.0,4,2,4,1,1,2,4,6,3,1,1,1
48,4003,5.0,3,-1,4,1,1,1,2,7,1,1,1,1
50,4251,4.0,3,2,4,1,2,2,2,2,2,1,1,1
21,3588,3.0,3,2,4,1,2,2,7,7,2,1,2,2
33,3588,4.0,3,2,4,1,5,2,2,3,1,1,2,2
195,4087,4.0,4,3,4,1,1,2,2,2,2,1,1,1
50,4252,4.0,3,1,4,1,5,1,1,1,3,2,2,1
127,4090,4.0,4,2,4,1,2,1,7,7,2,2,1,1
241,3,4.0,2,1,4,1,1,1,7,7,2,1,1,1
55,3515,3.0,3,2,4,1,1,1,7,7,2,1,1,1
55,4253,2.0,2,2,4,1,1,1,7,6,2,1,1,1
31,4052,3.0,3,1,4,1,1,1,7,1,3,2,1,1
31,4256,3.0,3,1,4,1,1,1,2,7,2,2,1,2
127,4228,4.0,4,1,4,1,1,1,7,7,2,2,1,1
31,4257,1.0,4,1,4,1,1,1,2,7,3,2,1,1
31,4255,5.0,3,2,4,1,2,1,2,7,3,2,1,1
127,4070,4.0,3,2,4,1,1,5,2,7,2,2,1,1
193,3835,2.0,4,2,4,1,5,1,7,7,2,1,2,1
31,4230,5.0,2,2,4,1,1,1,2,4,2,2,1,1
127,4259,4.0,2,2,4,1,5,1,1,7,2,2,1,1
31,4244,4.0,3,2,4,1,1,1,2,2,2,2,1,1
50,4185,4.0,3,2,4,1,5,2,7,7,2,1,1,1
241,6,5.0,3,1,4,2,1,6,2,2,2,-1,-1,-1
31,3731,4.0,3,1,4,1,1,1,2,2,1,2,1,1
15,3098,5.0,3,2,4,1,4,2,2,7,2,1,1,2
48,241,5.0,3,1,4,1,1,3,4,7,1,1,1,1
48,4260,5.0,4,3,4,3,2,3,2,7,1,1,1,1
48,3950,3.0,3,1,4,1,1,1,7,7,2,1,1,1
31,4262,4.0,3,1,4,-1,1,1,2,2,3,2,1,1
31,4263,3.0,3,1,4,1,1,1,2,2,2,2,1,2
61,4259,4.0,3,2,4,1,5,2,7,2,1,1,1,1
50,2660,5.0,2,2,4,1,1,2,2,2,2,1,1,1
31,4264,4.0,3,2,4,1,1,1,2,3,2,1,1,1
127,38,3.0,2,1,4,1,1,1,7,7,2,1,1,1
127,4265,3.0,3,1,4,1,1,1,7,7,2,1,1,1
21,4230,4.0,2,2,4,1,1,1,7,4,2,1,1,1
50,4267,4.0,3,1,4,1,5,2,4,4,2,1,1,1
31,4268,4.0,3,1,4,1,1,1,2,2,1,2,-1,1
55,4258,3.0,4,2,4,1,1,1,7,4,2,1,1,1
55,4185,3.0,4,2,4,1,5,2,7,7,2,1,1,1
55,4270,4.0,2,2,4,1,5,1,4,2,2,1,1,1
21,4271,3.0,4,1,4,1,1,2,2,6,1,1,2,1
55,4272,4.0,1,2,4,1,1,2,2,4,2,1,1,1
157,4066,4.0,3,1,4,1,1,2,2,2,2,1,1,1
157,4273,4.0,3,2,4,1,1,2,2,2,1,1,2,2
157,170,3.0,3,1,4,1,1,2,2,2,1,1,2,2
31,4274,5.0,2,2,4,1,1,1,2,2,1,1,1,2
50,3869,3.0,2,2,4,1,5,2,7,7,3,2,2,1
31,4275,4.0,3,2,4,1,1,1,2,2,1,1,1,2
127,4277,4.0,4,2,4,1,1,1,1,1,2,1,1,-1
125,4278,5.0,4,2,1,3,1,2,2,2,1,1,2,1
61,4278,5.0,3,2,4,1,1,2,2,2,1,1,2,1
193,3758,5.0,3,2,4,1,1,1,7,7,2,1,2,1
31,4280,2.0,3,2,4,1,1,1,2,7,1,2,1,2
59,3204,4.0,4,2,4,1,5,1,1,1,1,1,1,1
15,4282,5.0,2,2,4,1,1,2,4,4,2,1,2,1
50,4287,4.0,2,2,4,1,5,2,4,7,2,1,1,1
31,3692,4.0,4,2,4,1,1,1,2,4,1,2,1,1
15,4272,5.0,2,2,4,1,5,2,2,2,1,1,2,1
15,4228,4.0,2,2,4,1,5,-1,7,7,2,1,2,1
31,4286,3.0,2,2,4,1,1,1,7,7,1,2,1,1
50,4278,4.0,2,2,4,1,5,2,2,2,1,1,2,1
248,4283,5.0,1,1,1,2,1,1,2,2,1,1,1,2
31,4284,2.0,3,1,1,1,1,1,7,7,2,2,1,1
31,4285,4.0,3,1,1,1,1,1,2,2,1,2,1,2
61,4147,4.0,3,2,1,1,1,2,7,7,1,1,2,1
61,4288,4.0,3,1,1,2,1,2,2,2,1,1,1,1
251,47,5.0,4,2,4,1,5,2,5,3,2,1,1,1
252,3701,5.0,3,-1,-1,1,-1,1,2,7,1,1,1,2
252,4289,5.0,-1,-1,4,1,4,7,2,2,1,1,1,2
252,3835,4.0,-1,-1,-1,-1,-1,-1,7,7,2,-1,-1,-1
125,4288,5.0,4,1,1,2,1,2,2,7,1,1,1,1
31,4290,3.0,3,1,1,1,1,1,2,7,2,1,1,2
253,3601,5.0,3,2,-1,2,-1,3,1,2,1,1,1,1
253,4131,4.0,3,2,4,2,-1,3,4,2,1,1,1,1
253,4095,5.0,-1,-1,-1,-1,-1,-1,2,2,1,1,1,2
253,3671,1.0,2,2,-1,1,-1,1,5,7,3,-1,1,1
253,4291,3.0,-1,-1,-1,-1,-1,-1,2,2,1,-1,1,1
253,3728,5.0,-1,-1,-1,-1,-1,-1,7,7,1,1,1,-1
253,193,4.0,-1,-1,-1,-1,-1,-1,2,4,1,1,1,1
253,47,5.0,-1,-1,-1,-1,-1,7,4,4,1,1,1,1
253,4169,5.0,3,-1,-1,1,-1,7,2,2,1,1,1,2
253,3124,4.0,-1,-1,-1,-1,-1,-1,4,3,1,-1,1,1
253,4141,5.0,3,2,2,1,1,3,1,2,1,1,1,1
253,4066,5.0,-1,-1,-1,-1,-1,-1,2,2,1,1,1,1
253,4070,4.0,-1,-1,-1,-1,-1,-1,7,7,1,-1,1,1
253,3847,4.0,-1,-1,-1,-1,-1,-1,2,2,1,1,1,1
253,3859,2.0,-1,-1,-1,-1,-1,-1,7,6,2,-1,-1,-1
253,4292,5.0,-1,-1,-1,-1,-1,-1,2,2,1,-1,1,1
253,3980,4.0,3,-1,2,3,1,3,2,2,1,1,1,1
253,218,5.0,2,-1,-1,2,-1,-1,2,4,1,1,1,1
253,4293,5.0,-1,-1,-1,-1,-1,-1,2,2,1,-1,1,1
253,4294,2.0,-1,-1,-1,-1,-1,-1,7,7,2,1,1,1
61,2903,5.0,3,2,1,1,1,2,2,2,1,1,1,2
125,2903,5.0,4,2,1,3,3,2,2,2,1,1,2,1
21,155,4.0,3,2,1,1,1,2,4,4,1,1,2,1
21,4295,4.0,4,1,1,-1,1,2,2,2,1,1,2,1
33,155,3.0,3,2,1,1,1,2,7,4,1,1,2,1
33,4295,5.0,3,1,1,1,1,2,1,4,1,1,1,1
33,4284,2.0,3,2,1,1,1,1,7,7,2,1,2,1
193,4296,5.0,4,1,1,1,2,2,7,7,2,1,2,1
21,4297,4.0,3,1,1,1,5,2,2,2,1,1,2,1
33,4297,4.0,3,1,1,1,1,2,2,2,3,1,2,1
127,4217,5.0,3,1,1,1,1,1,1,7,1,2,1,-1
125,4267,3.0,2,3,2,1,5,1,7,6,2,1,1,1
61,138,4.0,3,3,1,1,5,2,4,7,1,1,2,1
125,138,4.0,4,3,1,3,5,2,7,3,1,1,1,1
33,4298,2.0,1,3,1,3,2,1,7,7,1,1,2,1
33,4299,1.0,3,3,1,1,5,2,7,7,1,1,2,1
15,4300,3.0,3,2,1,1,2,2,2,2,2,1,1,1
15,4301,3.0,2,2,1,1,2,2,7,7,1,1,1,1
15,4270,4.0,3,2,1,1,1,2,7,7,2,1,1,2
15,4302,5.0,3,2,1,1,1,1,7,7,2,1,1,2
61,73,3.0,3,3,1,1,1,2,2,7,1,1,2,2
61,4255,4.0,3,3,1,1,1,2,7,7,1,1,2,1
125,73,2.0,3,3,1,3,1,2,7,7,1,1,2,1
125,4255,4.0,3,3,1,3,1,2,7,7,2,2,1,1
127,4303,5.0,4,3,1,1,1,3,2,2,1,1,1,1
127,4304,5.0,3,3,1,1,5,7,2,2,2,1,1,1
193,4228,3.0,4,1,1,1,5,2,7,7,2,1,2,1
61,3527,2.0,3,3,1,1,2,2,7,7,1,1,1,1
125,3527,2.0,4,1,1,3,2,2,7,7,2,1,2,1
55,4066,2.0,4,2,1,1,1,2,7,7,2,1,2,1
55,4184,2.0,3,2,1,1,5,1,7,7,2,1,1,1
55,4305,3.0,4,2,1,1,1,2,7,4,2,1,1,1
125,4188,5.0,4,2,1,3,5,2,1,2,1,1,1,1
31,4308,4.0,2,2,1,1,5,1,2,2,1,1,1,1
195,4309,5.0,3,1,4,1,1,4,2,4,1,1,2,1
125,3599,5.0,4,2,1,1,2,1,7,7,2,1,1,1
15,4004,5.0,3,2,1,1,2,2,7,7,2,1,1,2
21,4310,4.0,2,2,1,1,5,1,7,3,1,1,1,1
21,4311,3.0,3,1,1,1,5,1,7,5,1,1,2,2
55,4081,4.0,4,2,1,1,5,1,4,7,2,1,1,1
31,4312,3.0,2,2,1,1,1,1,7,7,1,1,1,1
31,4313,2.0,3,2,1,1,-1,1,2,7,2,1,1,1
125,4033,5.0,4,2,1,1,5,1,1,1,2,1,1,1
15,4147,4.0,3,1,1,1,2,2,7,7,2,1,1,1
15,3950,5.0,3,2,1,1,2,2,2,2,1,1,1,2
15,172,5.0,3,2,4,1,1,2,2,2,1,1,1,1
15,3954,5.0,-1,-1,-1,-1,-1,-1,-1,-1,-1,-1,-1,-1
15,223,5.0,-1,-1,-1,-1,-1,-1,-1,-1,-1,-1,-1,-1
15,152,5.0,-1,-1,-1,-1,-1,-1,-1,-1,-1,-1,-1,-1
21,3968,4.0,-1,-1,-1,-1,-1,-1,-1,-1,-1,-1,-1,-1
21,3898,4.0,-1,-1,-1,-1,-1,-1,-1,-1,-1,-1,-1,-1
21,3826,5.0,-1,-1,-1,-1,-1,-1,-1,-1,-1,-1,-1,-1
21,3098,5.0,-1,-1,-1,-1,-1,-1,-1,-1,-1,-1,-1,-1
15,151,5.0,-1,-1,-1,-1,-1,-1,-1,-1,-1,-1,-1,-1
15,3313,5.0,-1,-1,-1,-1,-1,-1,-1,-1,-1,-1,-1,-1
31,4314,5.0,3,1,1,1,1,1,2,2,2,2,1,2
33,3635,5.0,4,2,1,1,2,2,2,2,1,1,1,1
15,3890,1.0,-1,-1,-1,-1,-1,-1,-1,-1,-1,-1,-1,-1
257,3589,4.0,3,3,4,2,3,6,2,2,1,1,1,2
257,3590,4.0,3,2,2,2,1,6,2,2,1,1,1,1
257,3954,5.0,3,3,2,2,1,6,3,4,1,1,1,1
257,4302,5.0,3,1,1,1,1,1,2,2,1,1,1,1
257,2450,4.0,3,3,3,1,5,1,2,2,2,1,1,1
31,2074,3.0,3,2,1,1,1,1,7,7,2,2,1,1
61,2770,2.0,3,3,1,3,1,2,7,7,1,1,1,1
31,4307,4.0,2,2,1,1,2,1,2,7,1,1,1,2
31,4315,5.0,2,2,1,1,1,1,2,2,2,2,1,1
15,4306,1.0,3,3,1,1,2,2,7,7,2,1,1,1
31,4003,3.0,3,2,1,1,2,1,1,1,2,2,1,1
15,4316,4.0,2,3,1,1,1,2,7,7,1,1,2,1
15,2628,4.0,-1,-1,-1,-1,-1,-1,-1,-1,-1,-1,-1,-1
31,4317,2.0,3,1,1,1,1,1,7,7,2,2,1,1
15,3548,4.0,-1,-1,-1,-1,-1,-1,-1,-1,-1,-1,-1,-1
15,2592,5.0,-1,-1,-1,-1,-1,-1,-1,-1,-1,-1,-1,-1
31,4318,2.0,3,1,1,1,2,1,7,7,2,2,1,2
15,4163,4.0,-1,-1,-1,-1,-1,-1,-1,-1,-1,-1,-1,-1
15,4274,5.0,-1,-1,-1,-1,-1,-1,-1,-1,-1,-1,-1,-1
127,4319,4.0,3,3,1,1,1,5,2,7,2,1,1,1
127,4320,4.0,4,1,1,-1,2,7,1,7,2,2,1,1
127,3737,5.0,-1,-1,-1,-1,-1,-1,-1,-1,-1,-1,-1,-1
31,44,4.0,3,2,1,1,1,1,2,4,1,2,1,2
61,155,4.0,3,3,1,1,5,1,2,7,1,1,2,1
61,4297,4.0,3,3,1,1,5,7,7,2,1,1,2,1
15,3646,4.0,-1,-1,-1,-1,-1,-1,-1,-1,-1,-1,-1,-1
21,3635,5.0,4,2,1,1,2,2,2,2,1,1,1,1
59,3592,5.0,2,1,1,1,2,1,7,1,1,1,1,2
193,4306,4.0,4,1,1,1,2,-1,7,7,2,1,2,1
193,3560,3.0,-1,-1,-1,-1,-1,-1,-1,-1,-1,-1,-1,-1
193,3547,4.0,-1,-1,-1,-1,-1,-1,-1,-1,-1,-1,-1,-1
193,3504,3.0,-1,-1,-1,-1,-1,-1,-1,-1,-1,-1,-1,-1
193,3549,4.0,-1,-1,-1,-1,-1,-1,-1,-1,-1,-1,-1,-1
193,3556,2.0,-1,-1,-1,-1,-1,-1,-1,-1,-1,-1,-1,-1
193,172,2.0,-1,-1,-1,-1,-1,-1,-1,-1,-1,-1,-1,-1
193,3548,4.0,-1,-1,-1,-1,-1,-1,-1,-1,-1,-1,-1,-1
193,3617,1.0,-1,-1,-1,-1,-1,-1,-1,-1,-1,-1,-1,-1
193,219,5.0,-1,-1,-1,-1,-1,-1,-1,-1,-1,-1,-1,-1
55,4321,2.0,4,2,1,1,5,1,7,7,2,1,1,1
55,4323,3.0,4,2,1,1,1,1,7,7,2,1,1,1
55,4244,3.0,1,2,1,1,5,2,7,4,2,1,1,1
264,2683,5.0,2,2,3,2,4,1,2,2,1,1,1,2
264,3870,5.0,3,2,1,1,3,7,1,1,3,1,1,1
264,39,5.0,4,1,1,1,1,3,4,4,1,1,1,2
264,2009,5.0,2,2,1,1,1,7,2,2,1,1,1,1
264,4232,4.0,1,2,4,1,5,1,2,4,1,1,1,1
264,3645,5.0,3,1,1,2,1,1,2,2,1,1,1,1
264,3613,5.0,3,1,3,2,5,1,2,2,1,1,1,1
264,3920,5.0,4,1,1,1,3,1,4,4,1,1,1,1
264,70,4.0,2,2,3,1,1,1,7,2,1,1,1,1
264,2141,5.0,4,1,4,3,4,3,1,4,2,1,1,1
264,33,4.0,2,1,1,2,1,1,1,1,2,1,1,1
264,4195,5.0,3,1,1,2,1,5,3,1,2,1,1,1
264,3005,5.0,2,2,1,1,1,1,1,1,2,1,1,1
264,2509,5.0,4,1,2,1,3,1,4,4,2,1,1,1
264,4016,5.0,4,1,1,1,3,1,1,1,2,1,1,1
264,47,4.0,2,1,2,2,1,1,4,4,2,1,1,1
264,30,5.0,4,1,4,1,5,1,6,3,2,1,1,1
264,203,3.0,3,1,3,2,5,3,2,2,1,1,1,1
15,2143,4.0,-1,-1,-1,-1,-1,-1,-1,-1,-1,-1,-1,-1
15,2009,5.0,-1,-1,-1,-1,-1,-1,-1,-1,-1,-1,-1,-1
125,4103,5.0,4,1,1,1,1,1,2,2,1,1,1,2
15,4324,3.0,3,2,2,1,1,2,7,7,2,1,1,1
15,4325,5.0,2,1,1,1,2,2,7,7,2,1,1,1
15,2343,5.0,1,2,1,1,1,2,7,7,2,1,1,1
59,4327,1.0,3,2,1,1,1,1,7,7,1,1,1,1
61,4328,2.0,3,1,1,1,2,7,7,7,1,1,2,1
15,3635,4.0,-1,-1,-1,-1,-1,-1,-1,-1,-1,-1,-1,-1
59,4081,4.0,3,1,1,1,1,1,1,1,1,1,1,1
15,3219,4.0,-1,-1,-1,-1,-1,-1,-1,-1,-1,-1,-1,-1
245,218,5.0,3,2,-1,-1,-1,1,7,7,2,-1,-1,-1
245,3758,5.0,-1,-1,-1,-1,-1,-1,7,7,2,-1,-1,-1
245,3737,5.0,-1,-1,-1,-1,-1,-1,7,7,2,-1,-1,-1
245,3211,5.0,-1,-1,-1,-1,-1,-1,7,7,2,-1,-1,-1
245,3737,5.0,-1,-1,-1,-1,-1,-1,7,7,2,-1,-1,-1
15,4329,5.0,3,1,1,1,2,2,1,1,2,1,2,1
59,4330,2.0,3,1,1,1,2,1,7,7,2,1,1,1
193,4303,5.0,4,1,1,1,2,2,7,7,2,1,2,1
193,4101,2.0,-1,-1,-1,-1,-1,-1,-1,-1,-1,-1,-1,-1
15,4219,5.0,3,2,1,1,1,2,7,7,2,1,1,1
125,4324,5.0,4,2,1,1,1,1,2,4,1,1,1,1
15,4333,4.0,2,1,1,1,2,2,7,7,1,1,1,2
59,4334,3.0,4,1,1,1,1,1,7,7,2,1,1,2
50,3998,3.0,2,2,1,1,5,1,5,7,2,1,1,1
125,3659,3.0,4,2,1,1,3,2,2,2,1,1,1,1
125,33,5.0,4,2,1,1,1,1,2,2,1,1,1,2
61,3659,4.0,3,2,1,3,2,2,7,7,1,1,2,1
75,4335,5.0,2,2,1,1,1,1,2,4,1,1,1,1
75,4336,4.0,2,1,1,1,1,1,5,1,1,1,1,1
75,4162,4.0,3,1,1,1,1,1,7,7,1,1,1,1
75,4337,5.0,3,1,1,1,5,1,2,3,1,1,1,2
75,4338,4.0,2,3,1,1,1,1,2,5,1,1,1,1
75,4339,5.0,3,2,1,1,2,1,2,3,1,1,1,1
75,2251,5.0,3,2,1,1,5,1,1,7,1,1,1,2
75,4340,4.0,4,2,1,1,5,1,5,6,1,1,1,2
75,4314,5.0,3,1,1,1,1,1,2,2,1,1,1,2
75,4341,4.0,3,2,1,1,1,1,2,3,1,1,1,1
75,4315,4.0,2,2,1,1,1,1,2,3,1,1,1,1
75,4342,3.0,2,2,1,1,1,1,7,7,1,1,1,1
75,2836,5.0,2,2,1,1,1,1,2,4,1,1,1,1
75,4343,4.0,2,2,1,1,1,1,2,3,1,1,1,1
75,4344,4.0,2,1,1,1,2,1,2,1,1,1,1,1
75,4345,5.0,-1,2,1,1,1,1,2,1,1,1,1,1
75,4346,4.0,2,1,1,1,1,1,2,1,1,1,1,1
21,4151,3.0,3,2,1,1,1,3,7,7,1,1,2,2
15,3856,3.0,-1,-1,-1,-1,-1,-1,-1,-1,-1,-1,-1,-1
15,3753,4.0,-1,-1,-1,-1,-1,-1,-1,-1,-1,-1,-1,-1
31,3681,4.0,4,3,2,1,1,1,2,2,1,1,1,2
15,4349,5.0,2,2,2,1,1,2,2,2,2,1,2,2
15,4350,3.0,2,2,2,1,1,2,7,7,2,1,1,1
15,4351,5.0,2,2,2,1,1,2,2,2,2,1,1,1
15,4352,4.0,3,1,2,1,1,1,7,7,2,1,1,1
15,3781,4.0,-1,-1,-1,-1,-1,-1,-1,-1,-1,-1,-1,-1
15,4353,4.0,1,3,2,1,1,1,7,7,2,1,1,1
59,4354,2.0,3,1,2,2,1,3,6,6,3,1,2,1
61,4355,3.0,3,2,2,1,1,2,7,7,1,1,2,1
157,4098,3.0,3,1,2,3,1,7,2,2,2,1,2,1
55,4356,5.0,3,2,2,2,1,2,2,2,2,1,1,1
55,4354,3.0,3,2,2,2,1,3,7,4,2,1,2,1
55,4356,3.0,4,2,2,1,1,2,7,4,2,1,1,1
55,4288,3.0,4,2,2,1,1,1,7,4,2,1,1,1
55,4358,2.0,4,2,2,1,1,2,7,7,2,1,2,1
55,4359,3.0,4,2,2,1,1,1,7,7,2,1,1,1
15,4360,4.0,3,1,2,1,2,2,2,2,2,1,1,1
15,4319,5.0,2,2,2,1,1,2,7,7,1,1,1,1
33,4151,3.0,3,2,1,1,1,3,2,7,2,1,1,1
33,4361,5.0,4,1,2,1,1,1,1,4,2,2,2,1
268,3918,5.0,3,2,1,1,5,2,7,2,1,1,1,2
157,4362,4.0,3,1,2,1,1,1,7,3,2,1,2,1
125,4364,5.0,4,1,2,2,1,3,2,2,1,1,1,1
50,4365,4.0,3,2,2,1,5,1,7,2,2,1,1,1
61,4303,5.0,3,2,2,1,1,2,2,2,1,1,2,1
125,4303,5.0,3,2,2,3,1,2,2,2,1,1,1,1
50,3951,3.0,3,1,2,1,5,1,7,7,2,1,1,1
50,4366,4.0,3,2,2,1,2,1,1,1,3,1,1,1
55,4367,3.0,4,2,2,1,2,1,7,4,2,1,1,1
55,4347,3.0,4,2,2,1,2,1,4,7,2,1,1,1
55,3592,4.0,-1,-1,-1,-1,-1,-1,-1,-1,-1,-1,-1,-1
50,4368,5.0,3,1,2,1,2,1,1,4,2,1,1,1
157,3455,4.0,3,1,2,1,1,2,2,2,2,1,2,1
50,4369,4.0,3,1,2,1,5,1,2,1,1,1,1,1
33,4379,3.0,3,3,2,2,1,6,7,7,1,1,1,1
33,4370,1.0,4,3,2,2,1,6,7,7,2,1,1,1
33,4371,1.0,4,3,2,2,1,6,1,1,1,1,1,1
50,4372,3.0,3,1,2,1,5,1,7,7,2,1,1,2
50,1890,5.0,2,2,2,1,1,1,2,2,3,1,2,2
61,4373,2.0,4,2,2,2,1,6,7,6,1,1,1,1
50,3842,3.0,4,1,2,1,5,1,7,7,2,1,2,1
125,4375,5.0,4,1,2,1,1,1,2,2,1,1,1,1
31,3954,3.0,2,1,2,1,1,1,1,1,2,2,1,1
31,4375,4.0,3,1,2,1,1,1,2,2,2,1,1,1
50,4376,3.0,3,1,2,1,1,1,6,4,1,1,1,1
33,4377,3.0,1,3,2,1,1,2,7,7,2,2,2,1
33,2240,4.0,4,3,2,1,1,2,4,7,1,1,2,1
21,2240,4.0,4,3,2,1,1,2,1,5,1,1,2,1
31,4378,5.0,2,1,2,1,2,1,2,4,1,2,1,1
55,4378,4.0,4,2,2,1,1,2,7,4,2,1,1,1
31,4045,5.0,3,1,2,1,1,1,4,4,1,1,1,1
31,4380,2.0,3,1,2,1,1,1,7,7,2,1,1,2
31,4381,3.0,2,2,2,1,1,1,2,2,1,1,1,1
31,4324,4.0,2,2,2,1,1,1,2,7,1,1,1,1
61,177,5.0,4,3,2,3,1,2,2,2,1,1,1,2
125,177,5.0,4,3,2,1,1,2,2,2,1,1,2,1
21,4288,2.0,2,2,2,2,1,1,2,7,1,1,1,1
245,3870,5.0,-1,-1,-1,-1,-1,-1,7,7,2,-1,-1,-1
5000,3727,5.0,4,2,4,1,5,1,7,7,1,1,1,1
5000,4278,5.0,4,2,1,3,1,2,2,2,1,1,2,1
5000,3511,5.0,3,2,3,1,2,2,1,1,2,-1,1,2
5000,3635,5.0,1,1,3,1,5,1,2,1,2,1,1,1
5000,3543,5.0,3,3,2,2,1,7,4,4,1,1,2,1
5000,54,5.0,3,2,2,3,1,2,1,4,2,1,1,1
5000,2120,5.0,3,2,1,1,2,1,7,3,2,1,2,1
5000,3204,5.0,4,2,4,1,5,1,1,1,1,1,1,1
5000,103,5.0,3,2,3,1,5,2,7,7,3,1,1,1
5000,4046,5.0,3,2,2,1,1,1,2,2,1,1,1,2
5000,3741,5.0,2,1,4,1,2,2,4,7,2,2,1,1
5000,4161,5.0,2,2,3,1,5,1,2,7,2,2,1,1
5000,16,1.0,3,1,3,1,1,2,7,7,2,1,1,1
